word,reading,consensus_level,level_votes,family_level_votes,reference_sources,reference_families,support_count,candidate_type,example_meaning,relation_type,same_reading_current_forms,same_word_current_readings,jmdict_current_forms,jmdict_current_readings,jmdict_current_levels,jmdict_all_forms,jmdict_resolved,evidence_confidence,jmdict_exact_form_reading,jmdict_writing_common,jmdict_reading_common,jmdict_waller_levels,level_conflict_with_jmdict_waller,jmdict_tags,jmdict_pos,jmdict_gloss,quality_decision,priority,quality_reason,defer_reason
すぐに,すぐに,N5,"{""N5"": 2}","{""community-independent"": ""N5"", ""waller-derived"": ""N5""}",waller|wordmaster,community-independent|waller-derived,2,kana/loanword,Instantly,fully-absent,,,,,,,yes,HIGH,yes,yes,yes,N5,no,uk:word usually written using kana alone,adv:adverb (fukushi),immediately; right away; at once; instantly,ADD_HIGH_CONFIDENCE,P1,Supported by >=2 independent reference families and exact JMdict form is common.,no-reliable-traditional-chinese-meaning
一月,ひとつき,N5,"{""N5"": 2}","{""community-independent"": ""N5"", ""waller-derived"": ""N5""}",openjlpt|waller|wordmaster,community-independent|waller-derived,2,lexical,one month,same-writing-different-reading,,いちがつ,,,,,yes,HIGH,yes,yes,yes,N5,no,,n:noun (common) (futsuumeishi),one month,ADD_HIGH_CONFIDENCE,P1,Supported by >=2 independent reference families and exact JMdict form is common.,no-reliable-traditional-chinese-meaning
点く,つく,N4,"{""N2"": 1, ""N4"": 1}","{""community-independent"": ""N4"", ""waller-derived"": ""N2""}",openjlpt|waller|wordmaster,community-independent|waller-derived,2,lexical,to catch fire; (electricity) comes on,same-reading-different-writing,付く|吐く|就く|点[つ]く|着く|突く,,,,,,yes,HIGH,yes,yes,yes,N2,yes,uk:word usually written using kana alone,v5k:Godan verb with 'ku' ending|vi:intransitive verb,"to be lit (of a lamp, burner, etc.); to catch fire; to ignite; to start burning; to be turned on (of a light, appliance, etc.); to come on",ADD_HIGH_CONFIDENCE,P1,Supported by >=2 independent reference families and exact JMdict form is common. JLPT level conflicts with JMdict/Waller enrichment; add the form but review level before publishing.,no-reliable-traditional-chinese-meaning
いけない,いけない,N3,"{""N3"": 2}","{""community-independent"": ""N3"", ""waller-derived"": ""N3""}",waller|wordmaster,community-independent|waller-derived,2,kana/loanword,"must not do,bad,wrong,not good",fully-absent,,,,,,,yes,HIGH,yes,yes,yes,N3,no,after the -te form of a verb or adjective | as ...(すると|しては)いけない(から|ので) | used to express sympathy,"adj-i:adjective (keiyoushi)|exp:expressions (phrases, clauses, etc.)","bad; wrong; naughty; must not (do, be); should not; ought not to",ADD_HIGH_CONFIDENCE,P1,Supported by >=2 independent reference families and exact JMdict form is common.,no-reliable-traditional-chinese-meaning
いらっしゃい,いらっしゃい,N3,"{""N3"": 2}","{""community-independent"": ""N3"", ""waller-derived"": ""N3""}",waller|wordmaster,community-independent|waller-derived,2,kana/loanword,welcome,fully-absent,,,,,,,yes,HIGH,yes,yes,yes,N3,no,hon:honorific or respectful (sonkeigo) language | used as a polite imperative,int:interjection (kandoushi),come; go; stay; welcome,ADD_HIGH_CONFIDENCE,P1,Supported by >=2 independent reference families and exact JMdict form is common.,no-reliable-traditional-chinese-meaning
治める,おさめる,N3,"{""N2"": 1, ""N3"": 1}","{""community-independent"": ""N3"", ""waller-derived"": ""N2""}",openjlpt|waller|wordmaster,community-independent|waller-derived,2,lexical,(1) to govern; to manage; (2) to subdue,same-reading-different-writing,修める|収める|納める,,,,,,yes,HIGH,yes,yes,yes,N2,yes,,v1:Ichidan verb|vt:transitive verb,to rule; to govern; to reign over; to administer; to manage (e.g. a household); to subdue,ADD_HIGH_CONFIDENCE,P1,Supported by >=2 independent reference families and exact JMdict form is common. JLPT level conflicts with JMdict/Waller enrichment; add the form but review level before publishing.,no-reliable-traditional-chinese-meaning
泳ぎ,およぎ,N3,"{""N3"": 2}","{""community-independent"": ""N3"", ""waller-derived"": ""N3""}",openjlpt|waller|wordmaster,community-independent|waller-derived,2,lexical,swimming,fully-absent,,,,,,,yes,HIGH,yes,yes,yes,N3,no,,n:noun (common) (futsuumeishi),swimming,ADD_HIGH_CONFIDENCE,P1,Supported by >=2 independent reference families and exact JMdict form is common.,no-reliable-traditional-chinese-meaning
課程,かてい,N3,"{""N2"": 1, ""N3"": 1}","{""community-independent"": ""N3"", ""waller-derived"": ""N2""}",openjlpt|waller|wordmaster,community-independent|waller-derived,2,lexical,course; curriculum,same-reading-different-writing,仮定|家庭|過程,,,,,,yes,HIGH,yes,yes,yes,N2,yes,,n:noun (common) (futsuumeishi),course; curriculum,ADD_HIGH_CONFIDENCE,P1,Supported by >=2 independent reference families and exact JMdict form is common. JLPT level conflicts with JMdict/Waller enrichment; add the form but review level before publishing.,no-reliable-traditional-chinese-meaning
カー,カー,N3,"{""N3"": 2}","{""community-independent"": ""N3"", ""waller-derived"": ""N3""}",waller|wordmaster,community-independent|waller-derived,2,kana/loanword,car,fully-absent,,,,,,,yes,HIGH,yes,yes,yes,N3,no,,n:noun (common) (futsuumeishi),car,ADD_HIGH_CONFIDENCE,P1,Supported by >=2 independent reference families and exact JMdict form is common.,no-reliable-traditional-chinese-meaning
季刊,きかん,N3,"{""N1"": 1, ""N3"": 1}","{""community-independent"": ""N3"", ""waller-derived"": ""N1""}",openjlpt|waller|wordmaster,community-independent|waller-derived,2,lexical,quarterly (e.g. magazine),same-reading-different-writing,器官|帰還|期間|機関|気管,,,,,,yes,HIGH,yes,yes,yes,N1,yes,,adj-no:nouns which may take the genitive case particle 'no'|n:noun (common) (futsuumeishi),quarterly publication,ADD_HIGH_CONFIDENCE,P1,Supported by >=2 independent reference families and exact JMdict form is common. JLPT level conflicts with JMdict/Waller enrichment; add the form but review level before publishing.,no-reliable-traditional-chinese-meaning
局,きょく,N3,"{""N3"": 2}","{""community-independent"": ""N3"", ""waller-derived"": ""N3""}",openjlpt|waller|wordmaster,community-independent|waller-derived,2,lexical,court lady; lady in waiting,same-reading-different-writing,曲,,,,,,yes,HIGH,yes,yes,yes,N3,no,abbr:abbreviation,"ctr:counter|n-suf:noun, used as a suffix|n:noun (common) (futsuumeishi)","bureau; department; office (e.g. post, telephone); broadcasting station (e.g. television, radio); channel; exchange",ADD_HIGH_CONFIDENCE,P1,Supported by >=2 independent reference families and exact JMdict form is common.,no-reliable-traditional-chinese-meaning
訓,くん,N3,"{""N3"": 2}","{""community-independent"": ""N3"", ""waller-derived"": ""N3""}",openjlpt|waller|wordmaster,community-independent|waller-derived,2,lexical,native Japanese reading of a Chinese character,same-reading-different-writing,君,,,,,,yes,HIGH,yes,yes,yes,N3,no,,n:noun (common) (futsuumeishi)|suf:suffix,native Japanese reading of a Chinese character; precept; lesson; one's teachings,ADD_HIGH_CONFIDENCE,P1,Supported by >=2 independent reference families and exact JMdict form is common.,no-reliable-traditional-chinese-meaning
刑,けい,N3,"{""N1"": 1, ""N3"": 1}","{""community-independent"": ""N3"", ""waller-derived"": ""N1""}",openjlpt|waller|wordmaster,community-independent|waller-derived,2,lexical,penalty; sentence; punishment,same-reading-different-writing,系|計,,,,,,yes,HIGH,yes,yes,yes,N1,yes,,"n-suf:noun, used as a suffix|n:noun (common) (futsuumeishi)",penalty; sentence; punishment,ADD_HIGH_CONFIDENCE,P1,Supported by >=2 independent reference families and exact JMdict form is common. JLPT level conflicts with JMdict/Waller enrichment; add the form but review level before publishing.,no-reliable-traditional-chinese-meaning
航海,こうかい,N3,"{""N1"": 1, ""N3"": 1}","{""community-independent"": ""N3"", ""waller-derived"": ""N1""}",openjlpt|waller|wordmaster,community-independent|waller-derived,2,lexical,sail; voyage,same-reading-different-writing,公開|後悔,,,,,,yes,HIGH,yes,yes,yes,N1,yes,,n:noun (common) (futsuumeishi)|vi:intransitive verb|vs:noun or participle which takes the aux. verb suru,(sea) voyage; navigation; sailing; passage; cruise,ADD_HIGH_CONFIDENCE,P1,Supported by >=2 independent reference families and exact JMdict form is common. JLPT level conflicts with JMdict/Waller enrichment; add the form but review level before publishing.,no-reliable-traditional-chinese-meaning
作,さく,N3,"{""N1"": 1, ""N3"": 1}","{""community-independent"": ""N3"", ""waller-derived"": ""N1""}",openjlpt|waller|wordmaster,community-independent|waller-derived,2,lexical,a work; a harvest,same-reading-different-writing,咲く|柵|策|裂く,,,,,,yes,HIGH,yes,yes,yes,N1,yes,,"n-suf:noun, used as a suffix|n:noun (common) (futsuumeishi)",work (e.g. of art); piece; production; harvest; crop; yield,ADD_HIGH_CONFIDENCE,P1,Supported by >=2 independent reference families and exact JMdict form is common. JLPT level conflicts with JMdict/Waller enrichment; add the form but review level before publishing.,no-reliable-traditional-chinese-meaning
射す,さす,N3,"{""N2"": 1, ""N3"": 1}","{""community-independent"": ""N3"", ""waller-derived"": ""N2""}",openjlpt|waller|wordmaster,community-independent|waller-derived,2,lexical,to shine; to strike,same-reading-different-writing,刺す|差す|指す|挿す,,,,,,yes,HIGH,yes,yes,yes,N2,yes,,v5s:Godan verb with 'su' ending|vi:intransitive verb,to shine,ADD_HIGH_CONFIDENCE,P1,Supported by >=2 independent reference families and exact JMdict form is common. JLPT level conflicts with JMdict/Waller enrichment; add the form but review level before publishing.,no-reliable-traditional-chinese-meaning
注す,さす,N3,"{""N2"": 1, ""N3"": 1}","{""community-independent"": ""N3"", ""waller-derived"": ""N2""}",openjlpt|waller|wordmaster,community-independent|waller-derived,2,lexical,to pour (drink); to serve (drinks),same-reading-different-writing,刺す|差す|指す|挿す,,,,,,yes,HIGH,yes,yes,yes,N2,yes,esp. 注す | esp. 点す | uk:word usually written using kana alone,v5s:Godan verb with 'su' ending|vt:transitive verb,"to pour; to add (liquid); to serve (drinks); to put on (lipstick, etc.); to apply; to colour",ADD_HIGH_CONFIDENCE,P1,Supported by >=2 independent reference families and exact JMdict form is common. JLPT level conflicts with JMdict/Waller enrichment; add the form but review level before publishing.,no-reliable-traditional-chinese-meaning
死亡,しぼう,N3,"{""N3"": 2}","{""community-independent"": ""N3"", ""waller-derived"": ""N3""}",openjlpt|waller|wordmaster,community-independent|waller-derived,2,lexical,death; mortality,same-reading-different-writing,志望|脂肪,,,,,,yes,HIGH,yes,yes,yes,N3,no,,n:noun (common) (futsuumeishi)|vi:intransitive verb|vs:noun or participle which takes the aux. verb suru,death; dying; mortality,ADD_HIGH_CONFIDENCE,P1,Supported by >=2 independent reference families and exact JMdict form is common.,no-reliable-traditional-chinese-meaning
住,じゅう,N3,"{""N1"": 1, ""N3"": 1}","{""community-independent"": ""N3"", ""waller-derived"": ""N1""}",openjlpt|waller|wordmaster,community-independent|waller-derived,2,lexical,dwelling; living,same-reading-different-writing,中|十|銃,,,,,,yes,HIGH,yes,yes,yes,N1,yes,,n:noun (common) (futsuumeishi),dwelling; living,ADD_HIGH_CONFIDENCE,P1,Supported by >=2 independent reference families and exact JMdict form is common. JLPT level conflicts with JMdict/Waller enrichment; add the form but review level before publishing.,no-reliable-traditional-chinese-meaning
女史,じょし,N3,"{""N1"": 1, ""N3"": 1}","{""community-independent"": ""N3"", ""waller-derived"": ""N1""}",openjlpt|waller|wordmaster,community-independent|waller-derived,2,lexical,Ms.,same-reading-different-writing,助詞|女子,,,,,,yes,HIGH,yes,yes,yes,N1,yes,hon:honorific or respectful (sonkeigo) language,"n-suf:noun, used as a suffix|n:noun (common) (futsuumeishi)","lady (of high social status; e.g. scholar, artist, critic, politician); Ms; Mrs; Miss",ADD_HIGH_CONFIDENCE,P1,Supported by >=2 independent reference families and exact JMdict form is common. JLPT level conflicts with JMdict/Waller enrichment; add the form but review level before publishing.,no-reliable-traditional-chinese-meaning
水洗,すいせん,N3,"{""N1"": 1, ""N3"": 1}","{""community-independent"": ""N3"", ""waller-derived"": ""N1""}",openjlpt|waller|wordmaster,community-independent|waller-derived,2,lexical,flushing,same-reading-different-writing,推薦,,,,,,yes,HIGH,yes,yes,yes,N1,yes,,n:noun (common) (futsuumeishi)|vs:noun or participle which takes the aux. verb suru|vt:transitive verb,washing with water; rinsing; flushing,ADD_HIGH_CONFIDENCE,P1,Supported by >=2 independent reference families and exact JMdict form is common. JLPT level conflicts with JMdict/Waller enrichment; add the form but review level before publishing.,no-reliable-traditional-chinese-meaning
生長,せいちょう,N3,"{""N2"": 1, ""N3"": 1}","{""community-independent"": ""N3"", ""waller-derived"": ""N2""}",openjlpt|waller|wordmaster,community-independent|waller-derived,2,lexical,growth; increment,same-reading-different-writing,成長|清澄|清聴,,,,,,yes,HIGH,yes,yes,yes,N2,yes,,n:noun (common) (futsuumeishi)|vi:intransitive verb|vs:noun or participle which takes the aux. verb suru,growth (of a plant),ADD_HIGH_CONFIDENCE,P1,Supported by >=2 independent reference families and exact JMdict form is common. JLPT level conflicts with JMdict/Waller enrichment; add the form but review level before publishing.,no-reliable-traditional-chinese-meaning
膳,ぜん,N3,"{""N1"": 1, ""N3"": 1}","{""community-independent"": ""N3"", ""waller-derived"": ""N1""}",openjlpt|waller|wordmaster,community-independent|waller-derived,2,lexical,(small) table; tray; meal,same-reading-different-writing,全|前|善|禅,,,,,,yes,HIGH,yes,yes,yes,N1,yes,,ctr:counter|n:noun (common) (futsuumeishi),small dining table (usu. for a single person); serving tray (with legs); meal; food; serving; counter for bowlfuls of rice,ADD_HIGH_CONFIDENCE,P1,Supported by >=2 independent reference families and exact JMdict form is common. JLPT level conflicts with JMdict/Waller enrichment; add the form but review level before publishing.,no-reliable-traditional-chinese-meaning
他,た,N3,"{""N3"": 2}","{""community-independent"": ""N3"", ""waller-derived"": ""N3""}",openjlpt|waller|wordmaster,community-independent|waller-derived,2,lexical,other (esp. places and things),same-reading-different-writing|same-writing-different-reading,田,ほか,,,,,yes,HIGH,yes,yes,yes,N3,no,,adj-no:nouns which may take the genitive case particle 'no'|adv:adverb (fukushi)|n:noun (common) (futsuumeishi),other (esp. people and abstract matters),ADD_HIGH_CONFIDENCE,P1,Supported by >=2 independent reference families and exact JMdict form is common.,no-reliable-traditional-chinese-meaning
宅,たく,N3,"{""N3"": 2}","{""community-independent"": ""N3"", ""waller-derived"": ""N3""}",openjlpt|waller|wordmaster,community-independent|waller-derived,2,lexical,house; home; husband,same-reading-different-writing,卓|炊く|焚く,,,,,,yes,HIGH,yes,yes,yes,N3,no,,"n-suf:noun, used as a suffix|n:noun (common) (futsuumeishi)",house; home; one's house; one's home; one's husband,ADD_HIGH_CONFIDENCE,P1,Supported by >=2 independent reference families and exact JMdict form is common.,no-reliable-traditional-chinese-meaning
不,ふ,N3,"{""N3"": 2}","{""community-independent"": ""N3"", ""waller-derived"": ""N3""}",openjlpt|waller|wordmaster,community-independent|waller-derived,2,lexical,un; non; negative prefix,same-reading-different-writing,府|負,,,,,,yes,HIGH,yes,yes,yes,N3,no,,pref:prefix,un-; non-,ADD_HIGH_CONFIDENCE,P1,Supported by >=2 independent reference families and exact JMdict form is common.,no-reliable-traditional-chinese-meaning
不通,ふつう,N3,"{""N2"": 1, ""N3"": 1}","{""community-independent"": ""N3"", ""waller-derived"": ""N2""}",openjlpt|waller|wordmaster,community-independent|waller-derived,2,lexical,suspension; interruption; stoppage,same-reading-different-writing,普通,,,,,,yes,HIGH,yes,yes,yes,N2,yes,,n:noun (common) (futsuumeishi),suspension; interruption; stoppage; tie-up; cessation,ADD_HIGH_CONFIDENCE,P1,Supported by >=2 independent reference families and exact JMdict form is common. JLPT level conflicts with JMdict/Waller enrichment; add the form but review level before publishing.,no-reliable-traditional-chinese-meaning
有機,ゆうき,N3,"{""N1"": 1, ""N3"": 1}","{""community-independent"": ""N3"", ""waller-derived"": ""N1""}",openjlpt|waller|wordmaster,community-independent|waller-derived,2,lexical,organic,same-reading-different-writing,勇気,,,,,,yes,HIGH,yes,yes,yes,N1,yes,abbr:abbreviation,adj-f:noun or verb acting prenominally|n:noun (common) (futsuumeishi),organic; organic chemistry; organic compound,ADD_HIGH_CONFIDENCE,P1,Supported by >=2 independent reference families and exact JMdict form is common. JLPT level conflicts with JMdict/Waller enrichment; add the form but review level before publishing.,no-reliable-traditional-chinese-meaning
一斉,いっせい,N2,"{""N2"": 2}","{""community-independent"": ""N2"", ""waller-derived"": ""N2""}",openjlpt|waller|wordmaster,community-independent|waller-derived,2,lexical,simultaneous; all at once,fully-absent,,,,,,,yes,HIGH,yes,yes,yes,N2,no,,adv:adverb (fukushi)|n:noun (common) (futsuumeishi),simultaneous; all at once,ADD_HIGH_CONFIDENCE,P1,Supported by >=2 independent reference families and exact JMdict form is common.,no-reliable-traditional-chinese-meaning
英和,えいわ,N2,"{""N2"": 2}","{""community-independent"": ""N2"", ""waller-derived"": ""N2""}",openjlpt|waller|wordmaster,community-independent|waller-derived,2,lexical,English-Japanese (e.g. dictionary),fully-absent,,,,,,,yes,HIGH,yes,yes,yes,N2,no,abbr:abbreviation,n:noun (common) (futsuumeishi),English-Japanese; English-Japanese dictionary,ADD_HIGH_CONFIDENCE,P1,Supported by >=2 independent reference families and exact JMdict form is common.,no-reliable-traditional-chinese-meaning
王女,おうじょ,N2,"{""N2"": 2}","{""community-independent"": ""N2"", ""waller-derived"": ""N2""}",openjlpt|waller|wordmaster,community-independent|waller-derived,2,lexical,princess,fully-absent,,,,,,,yes,HIGH,yes,yes,yes,N2,no,,n:noun (common) (futsuumeishi),princess,ADD_HIGH_CONFIDENCE,P1,Supported by >=2 independent reference families and exact JMdict form is common.,no-reliable-traditional-chinese-meaning
応ずる,おうずる,N2,"{""N2"": 2}","{""community-independent"": ""N2"", ""waller-derived"": ""N2""}",openjlpt|waller|wordmaster,community-independent|waller-derived,2,lexical,to answer; to respond; to meet,fully-absent,,,,,,,yes,HIGH,yes,yes,yes,N2,no,,vi:intransitive verb|vz:Ichidan verb - zuru verb (alternative form of -jiru verbs),to answer; to respond; to meet; to satisfy; to accept,ADD_HIGH_CONFIDENCE,P1,Supported by >=2 independent reference families and exact JMdict form is common.,no-reliable-traditional-chinese-meaning
お先に,おさきに,N2,"{""N1"": 1, ""N2"": 1}","{""community-independent"": ""N2"", ""waller-derived"": ""N1""}",openjlpt|waller|wordmaster,community-independent|waller-derived,2,lexical,before; ahead; previously,fully-absent,,,,,,,yes,HIGH,yes,yes,yes,N2,no,abbr:abbreviation | pol:polite (teineigo) language,"adv:adverb (fukushi)|exp:expressions (phrases, clauses, etc.)",before; previously; ahead; pardon me for leaving (before you),ADD_HIGH_CONFIDENCE,P1,Supported by >=2 independent reference families and exact JMdict form is common.,no-reliable-traditional-chinese-meaning
お休み,おやすみ,N2,"{""N1"": 1, ""N2"": 1}","{""community-independent"": ""N2"", ""waller-derived"": ""N1""}",openjlpt|waller|wordmaster,community-independent|waller-derived,2,lexical,holiday; absence; rest,fully-absent,,,,,,,yes,HIGH,yes,yes,yes,N2,no,abbr:abbreviation | hon:honorific or respectful (sonkeigo) language | pol:polite (teineigo) language | uk:word usually written using kana alone,int:interjection (kandoushi)|n:noun (common) (futsuumeishi),holiday; day off; absence; sleep; rest; good night,ADD_HIGH_CONFIDENCE,P1,Supported by >=2 independent reference families and exact JMdict form is common.,no-reliable-traditional-chinese-meaning
書取,かきとり,N2,"{""N2"": 2}","{""community-independent"": ""N2"", ""waller-derived"": ""N2""}",openjlpt|waller|wordmaster,community-independent|waller-derived,2,lexical,dictation,fully-absent,,,,,,,yes,HIGH,yes,yes,yes,N2,no,,n:noun (common) (futsuumeishi),writing down from other written material; writing kanji text from hiragana; transcription (of spoken material); dictation,ADD_HIGH_CONFIDENCE,P1,Supported by >=2 independent reference families and exact JMdict form is common.,no-reliable-traditional-chinese-meaning
かしこまりました,かしこまりました,N2,"{""N2"": 2}","{""community-independent"": ""N2"", ""waller-derived"": ""N2""}",waller|wordmaster,community-independent|waller-derived,2,kana/loanword,certainly!,fully-absent,,,,,,,yes,HIGH,yes,yes,yes,N2,no,"in response to a request or instructions from a superior, customer, etc. | pol:polite (teineigo) language | uk:word usually written using kana alone","exp:expressions (phrases, clauses, etc.)",certainly!; very well; with pleasure; understood!,ADD_HIGH_CONFIDENCE,P1,Supported by >=2 independent reference families and exact JMdict form is common.,no-reliable-traditional-chinese-meaning
間接,かんせつ,N2,"{""N2"": 2}","{""community-independent"": ""N2"", ""waller-derived"": ""N2""}",openjlpt|waller|wordmaster,community-independent|waller-derived,2,lexical,indirection; indirectness,same-reading-different-writing,関節,,,,,,yes,HIGH,yes,yes,yes,N2,no,,adj-no:nouns which may take the genitive case particle 'no'|n:noun (common) (futsuumeishi),indirection; indirectness,ADD_HIGH_CONFIDENCE,P1,Supported by >=2 independent reference families and exact JMdict form is common.,no-reliable-traditional-chinese-meaning
形容詞,けいようし,N2,"{""N2"": 2}","{""community-independent"": ""N2"", ""waller-derived"": ""N2""}",openjlpt|waller|wordmaster,community-independent|waller-derived,2,lexical,true adjective,fully-absent,,,,,,,yes,HIGH,yes,yes,yes,N2,no,,n:noun (common) (futsuumeishi),adjective; i-adjective (in Japanese),ADD_HIGH_CONFIDENCE,P1,Supported by >=2 independent reference families and exact JMdict form is common.,no-reliable-traditional-chinese-meaning
耕地,こうち,N2,"{""N2"": 2}","{""community-independent"": ""N2"", ""waller-derived"": ""N2""}",openjlpt|waller|wordmaster,community-independent|waller-derived,2,lexical,arable land,same-reading-different-writing,高地,,,,,,yes,HIGH,yes,yes,yes,N2,no,bra:Brazilian,n:noun (common) (futsuumeishi),arable land; plantation; farmland; fazenda; hacienda; large estate,ADD_HIGH_CONFIDENCE,P1,Supported by >=2 independent reference families and exact JMdict form is common.,no-reliable-traditional-chinese-meaning
ご苦労様,ごくろうさま,N2,"{""N1"": 1, ""N2"": 1}","{""community-independent"": ""N2"", ""waller-derived"": ""N1""}",openjlpt|waller|wordmaster,community-independent|waller-derived,2,lexical,Thank you very much for your....,fully-absent,,,,,,,yes,HIGH,yes,yes,yes,N2,no,pol:polite (teineigo) language | usu. to one's subordinate,"adj-na:adjectival nouns or quasi-adjectives (keiyodoshi)|exp:expressions (phrases, clauses, etc.)",thank you (for your hard work); I appreciate your efforts,ADD_HIGH_CONFIDENCE,P1,Supported by >=2 independent reference families and exact JMdict form is common.,no-reliable-traditional-chinese-meaning
生ずる,しょうずる,N2,"{""N2"": 2}","{""community-independent"": ""N2"", ""waller-derived"": ""N2""}",openjlpt|waller|wordmaster,community-independent|waller-derived,2,lexical,to cause; to arise; to be generated,fully-absent,,,,,,,yes,HIGH,yes,yes,yes,N2,no,生ずる is more literary than 生じる,vi:intransitive verb|vt:transitive verb|vz:Ichidan verb - zuru verb (alternative form of -jiru verbs),to produce; to yield; to cause; to result from; to arise; to be generated,ADD_HIGH_CONFIDENCE,P1,Supported by >=2 independent reference families and exact JMdict form is common.,no-reliable-traditional-chinese-meaning
信ずる,しんずる,N2,"{""N2"": 2}","{""community-independent"": ""N2"", ""waller-derived"": ""N2""}",openjlpt|waller|wordmaster,community-independent|waller-derived,2,lexical,to believe; to believe in; to place trust in,fully-absent,,,,,,,yes,HIGH,yes,yes,yes,N2,no,,vt:transitive verb|vz:Ichidan verb - zuru verb (alternative form of -jiru verbs),to believe; to believe in; to place trust in; to confide in; to have faith in,ADD_HIGH_CONFIDENCE,P1,Supported by >=2 independent reference families and exact JMdict form is common.,no-reliable-traditional-chinese-meaning
寝台,しんだい,N2,"{""N2"": 2}","{""community-independent"": ""N2"", ""waller-derived"": ""N2""}",openjlpt|waller|wordmaster,community-independent|waller-derived,2,lexical,bed; couch,fully-absent,,,,,,,yes,HIGH,yes,yes,yes,N2,no,,n:noun (common) (futsuumeishi),bed; couch,ADD_HIGH_CONFIDENCE,P1,Supported by >=2 independent reference families and exact JMdict form is common.,no-reliable-traditional-chinese-meaning
助教授,じょきょうじゅ,N2,"{""N2"": 2}","{""community-independent"": ""N2"", ""waller-derived"": ""N2""}",openjlpt|waller|wordmaster,community-independent|waller-derived,2,lexical,assistant professor,fully-absent,,,,,,,yes,HIGH,yes,yes,yes,N2,no,,n:noun (common) (futsuumeishi),assistant professor; associate professor,ADD_HIGH_CONFIDENCE,P1,Supported by >=2 independent reference families and exact JMdict form is common.,no-reliable-traditional-chinese-meaning
専制,せんせい,N2,"{""N2"": 2}","{""community-independent"": ""N2"", ""waller-derived"": ""N2""}",openjlpt|waller|wordmaster,community-independent|waller-derived,2,lexical,despotism; autocracy,same-reading-different-writing,先生|宣誓,,,,,,yes,HIGH,yes,yes,yes,N2,no,,adj-no:nouns which may take the genitive case particle 'no'|n:noun (common) (futsuumeishi)|vs:noun or participle which takes the aux. verb suru,despotism; autocracy,ADD_HIGH_CONFIDENCE,P1,Supported by >=2 independent reference families and exact JMdict form is common.,no-reliable-traditional-chinese-meaning
ゼミ,ゼミ,N2,"{""N2"": 2}","{""community-independent"": ""N2"", ""waller-derived"": ""N2""}",waller|wordmaster,community-independent|waller-derived,2,kana/loanword,(n) seminar,fully-absent,,,,,,,yes,HIGH,yes,yes,yes,N2,no,abbr:abbreviation,n:noun (common) (futsuumeishi),seminar,ADD_HIGH_CONFIDENCE,P1,Supported by >=2 independent reference families and exact JMdict form is common.,no-reliable-traditional-chinese-meaning
全集,ぜんしゅう,N2,"{""N2"": 2}","{""community-independent"": ""N2"", ""waller-derived"": ""N2""}",openjlpt|waller|wordmaster,community-independent|waller-derived,2,lexical,complete works,fully-absent,,,,,,,yes,HIGH,yes,yes,yes,N2,no,,"n-suf:noun, used as a suffix|n:noun (common) (futsuumeishi)",complete works; complete collection; complete series,ADD_HIGH_CONFIDENCE,P1,Supported by >=2 independent reference families and exact JMdict form is common.,no-reliable-traditional-chinese-meaning
草履,ぞうり,N2,"{""N2"": 2}","{""community-independent"": ""N2"", ""waller-derived"": ""N2""}",openjlpt|waller|wordmaster,community-independent|waller-derived,2,lexical,zoori (Japanese footwear); sandals,fully-absent,,,,,,,yes,HIGH,yes,yes,yes,N2,no,,n:noun (common) (futsuumeishi),zori; traditional Japanese thonged sandals,ADD_HIGH_CONFIDENCE,P1,Supported by >=2 independent reference families and exact JMdict form is common.,no-reliable-traditional-chinese-meaning
地点,ちてん,N2,"{""N2"": 2}","{""community-independent"": ""N2"", ""waller-derived"": ""N2""}",openjlpt|waller|wordmaster,community-independent|waller-derived,2,lexical,site; point on a map,fully-absent,,,,,,,yes,HIGH,yes,yes,yes,N2,no,,n:noun (common) (futsuumeishi),spot; point; place; position,ADD_HIGH_CONFIDENCE,P1,Supported by >=2 independent reference families and exact JMdict form is common.,no-reliable-traditional-chinese-meaning
抽象,ちゅうしょう,N2,"{""N2"": 2}","{""community-independent"": ""N2"", ""waller-derived"": ""N2""}",openjlpt|waller|wordmaster,community-independent|waller-derived,2,lexical,abstract,same-reading-different-writing,中傷,,,,,,yes,HIGH,yes,yes,yes,N2,no,,n:noun (common) (futsuumeishi)|vs:noun or participle which takes the aux. verb suru|vt:transitive verb,abstraction,ADD_HIGH_CONFIDENCE,P1,Supported by >=2 independent reference families and exact JMdict form is common.,no-reliable-traditional-chinese-meaning
長短,ちょうたん,N2,"{""N2"": 2}","{""community-independent"": ""N2"", ""waller-derived"": ""N2""}",openjlpt|waller|wordmaster,community-independent|waller-derived,2,lexical,length; long and short; +-,fully-absent,,,,,,,yes,HIGH,yes,yes,yes,N2,no,,n:noun (common) (futsuumeishi),(relative) length; advantages and disadvantages; pluses and minuses; strong and weak points; merits and demerits,ADD_HIGH_CONFIDENCE,P1,Supported by >=2 independent reference families and exact JMdict form is common.,no-reliable-traditional-chinese-meaning
灯油,とうゆ,N2,"{""N2"": 2}","{""community-independent"": ""N2"", ""waller-derived"": ""N2""}",openjlpt|waller|wordmaster,community-independent|waller-derived,2,lexical,lamp oil; kerosene,fully-absent,,,,,,,yes,HIGH,yes,yes,yes,N2,no,,n:noun (common) (futsuumeishi),kerosene; paraffin; lamp oil,ADD_HIGH_CONFIDENCE,P1,Supported by >=2 independent reference families and exact JMdict form is common.,no-reliable-traditional-chinese-meaning
捕る,とる,N2,"{""N2"": 2}","{""community-independent"": ""N2"", ""waller-derived"": ""N2""}",openjlpt|waller|wordmaster,community-independent|waller-derived,2,lexical,to take; to catch (fish); to capture,same-reading-different-writing,取る|執る|採る|撮る,,,,,,yes,HIGH,yes,yes,yes,N2,no,,v5r:Godan verb with 'ru' ending|vt:transitive verb,"to catch (a wild animal, fish, insect, baseball, etc.); to capture",ADD_HIGH_CONFIDENCE,P1,Supported by >=2 independent reference families and exact JMdict form is common.,no-reliable-traditional-chinese-meaning
南米,なんべい,N2,"{""N2"": 2}","{""community-independent"": ""N2"", ""waller-derived"": ""N2""}",openjlpt|waller|wordmaster,community-independent|waller-derived,2,lexical,South America,fully-absent,,,,,,,yes,HIGH,yes,yes,yes,N2,no,,n:noun (common) (futsuumeishi),South America,ADD_HIGH_CONFIDENCE,P1,Supported by >=2 independent reference families and exact JMdict form is common.,no-reliable-traditional-chinese-meaning
初めに,はじめに,N2,"{""N2"": 2}","{""community-independent"": ""N2"", ""waller-derived"": ""N2""}",waller|wordmaster,community-independent|waller-derived,2,lexical,"to begin with, first of all",fully-absent,,,,,,,yes,HIGH,yes,yes,yes,N2,no,"as the section heading of a book, etc. | uk:word usually written using kana alone","exp:expressions (phrases, clauses, etc.)",first; firstly; first of all; to begin with; in the beginning; at the beginning,ADD_HIGH_CONFIDENCE,P1,Supported by >=2 independent reference families and exact JMdict form is common.,no-reliable-traditional-chinese-meaning
始めに,はじめに,N2,"{""N2"": 2}","{""community-independent"": ""N2"", ""waller-derived"": ""N2""}",openjlpt|waller|wordmaster,community-independent|waller-derived,2,lexical,to begin with; first of all,fully-absent,,,,,,,yes,HIGH,yes,yes,yes,N2,no,"as the section heading of a book, etc. | uk:word usually written using kana alone","exp:expressions (phrases, clauses, etc.)",first; firstly; first of all; to begin with; in the beginning; at the beginning,ADD_HIGH_CONFIDENCE,P1,Supported by >=2 independent reference families and exact JMdict form is common.,no-reliable-traditional-chinese-meaning
判事,はんじ,N2,"{""N2"": 2}","{""community-independent"": ""N2"", ""waller-derived"": ""N2""}",openjlpt|waller|wordmaster,community-independent|waller-derived,2,lexical,judge; judiciary,fully-absent,,,,,,,yes,HIGH,yes,yes,yes,N2,no,,n:noun (common) (futsuumeishi),judge; judiciary,ADD_HIGH_CONFIDENCE,P1,Supported by >=2 independent reference families and exact JMdict form is common.,no-reliable-traditional-chinese-meaning
日の入り,ひのいり,N2,"{""N2"": 2}","{""community-independent"": ""N2"", ""waller-derived"": ""N2""}",openjlpt|waller|wordmaster,community-independent|waller-derived,2,lexical,sunset,fully-absent,,,,,,,yes,HIGH,yes,yes,yes,N2,no,,n:noun (common) (futsuumeishi),sunset,ADD_HIGH_CONFIDENCE,P1,Supported by >=2 independent reference families and exact JMdict form is common.,no-reliable-traditional-chinese-meaning
ビルディング,ビルディング,N2,"{""N2"": 2}","{""community-independent"": ""N2"", ""waller-derived"": ""N2""}",waller|wordmaster,community-independent|waller-derived,2,kana/loanword,building,fully-absent,,,,,,,yes,HIGH,yes,yes,yes,N2,no,,n:noun (common) (futsuumeishi),multi-floor building; multi-storey building; tall building,ADD_HIGH_CONFIDENCE,P1,Supported by >=2 independent reference families and exact JMdict form is common.,no-reliable-traditional-chinese-meaning
副詞,ふくし,N2,"{""N2"": 2}","{""community-independent"": ""N2"", ""waller-derived"": ""N2""}",openjlpt|waller|wordmaster,community-independent|waller-derived,2,lexical,adverb,same-reading-different-writing,福祉,,,,,,yes,HIGH,yes,yes,yes,N2,no,,n:noun (common) (futsuumeishi),adverb,ADD_HIGH_CONFIDENCE,P1,Supported by >=2 independent reference families and exact JMdict form is common.,no-reliable-traditional-chinese-meaning
符号,ふごう,N2,"{""N2"": 2}","{""community-independent"": ""N2"", ""waller-derived"": ""N2""}",openjlpt|waller|wordmaster,community-independent|waller-derived,2,lexical,sign; mark; symbol,same-reading-different-writing,富豪|符合,,,,,,yes,HIGH,yes,yes,yes,N2,no,,n:noun (common) (futsuumeishi),"sign; mark; symbol; code; sign (e.g. positive, negative)",ADD_HIGH_CONFIDENCE,P1,Supported by >=2 independent reference families and exact JMdict form is common.,no-reliable-traditional-chinese-meaning
襖,ふすま,N2,"{""N2"": 2}","{""community-independent"": ""N2"", ""waller-derived"": ""N2""}",openjlpt|waller|wordmaster,community-independent|waller-derived,2,lexical,sliding screen,fully-absent,,,,,,,yes,HIGH,yes,yes,yes,N2,no,,n:noun (common) (futsuumeishi),fusuma; Japanese sliding screen,ADD_HIGH_CONFIDENCE,P1,Supported by >=2 independent reference families and exact JMdict form is common.,no-reliable-traditional-chinese-meaning
保健,ほけん,N2,"{""N2"": 2}","{""community-independent"": ""N2"", ""waller-derived"": ""N2""}",openjlpt|waller|wordmaster,community-independent|waller-derived,2,lexical,health preservation; hygiene; sanitation,same-reading-different-writing,保険,,,,,,yes,HIGH,yes,yes,yes,N2,no,,n:noun (common) (futsuumeishi),preservation of health; hygiene; sanitation; health education (school subject),ADD_HIGH_CONFIDENCE,P1,Supported by >=2 independent reference families and exact JMdict form is common.,no-reliable-traditional-chinese-meaning
命ずる,めいずる,N2,"{""N2"": 2}","{""community-independent"": ""N2"", ""waller-derived"": ""N2""}",openjlpt|waller|wordmaster,community-independent|waller-derived,2,lexical,to command; to appoint,fully-absent,,,,,,,yes,HIGH,yes,yes,yes,N2,no,,vt:transitive verb|vz:Ichidan verb - zuru verb (alternative form of -jiru verbs),to order; to command; to appoint,ADD_HIGH_CONFIDENCE,P1,Supported by >=2 independent reference families and exact JMdict form is common.,no-reliable-traditional-chinese-meaning
夜行,やこう,N2,"{""N2"": 2}","{""community-independent"": ""N2"", ""waller-derived"": ""N2""}",openjlpt|waller|wordmaster,community-independent|waller-derived,2,lexical,walking around at night; night train; night travel,fully-absent,,,,,,,yes,HIGH,yes,yes,yes,N2,no,abbr:abbreviation,n:noun (common) (futsuumeishi)|vi:intransitive verb|vs:noun or participle which takes the aux. verb suru,"night travel; walking around at night; night train; nightly procession of monsters, spirits, etc.",ADD_HIGH_CONFIDENCE,P1,Supported by >=2 independent reference families and exact JMdict form is common.,no-reliable-traditional-chinese-meaning
家主,やぬし,N2,"{""N2"": 2}","{""community-independent"": ""N2"", ""waller-derived"": ""N2""}",openjlpt|waller|wordmaster,community-independent|waller-derived,2,lexical,landlord,fully-absent,,,,,,,yes,HIGH,yes,yes,yes,N2,no,,n:noun (common) (futsuumeishi),landlord; landlady; house owner; home owner; head of the household,ADD_HIGH_CONFIDENCE,P1,Supported by >=2 independent reference families and exact JMdict form is common.,no-reliable-traditional-chinese-meaning
幼稚,ようち,N2,"{""N2"": 2}","{""community-independent"": ""N2"", ""waller-derived"": ""N2""}",openjlpt|waller|wordmaster,community-independent|waller-derived,2,lexical,infancy; childish; infantile,fully-absent,,,,,,,yes,HIGH,yes,yes,yes,N2,no,,adj-na:adjectival nouns or quasi-adjectives (keiyodoshi)|n:noun (common) (futsuumeishi),infancy; childish; infantile; immature; primitive,ADD_HIGH_CONFIDENCE,P1,Supported by >=2 independent reference families and exact JMdict form is common.,no-reliable-traditional-chinese-meaning
羊毛,ようもう,N2,"{""N2"": 2}","{""community-independent"": ""N2"", ""waller-derived"": ""N2""}",openjlpt|waller|wordmaster,community-independent|waller-derived,2,lexical,wool,fully-absent,,,,,,,yes,HIGH,yes,yes,yes,N2,no,,adj-no:nouns which may take the genitive case particle 'no'|n:noun (common) (futsuumeishi),wool,ADD_HIGH_CONFIDENCE,P1,Supported by >=2 independent reference families and exact JMdict form is common.,no-reliable-traditional-chinese-meaning
酔っ払い,よっぱらい,N2,"{""N2"": 2}","{""community-independent"": ""N2"", ""waller-derived"": ""N2""}",openjlpt|waller|wordmaster,community-independent|waller-derived,2,lexical,drunkard,fully-absent,,,,,,,yes,HIGH,yes,yes,yes,N2,no,,n:noun (common) (futsuumeishi),drunkard,ADD_HIGH_CONFIDENCE,P1,Supported by >=2 independent reference families and exact JMdict form is common.,no-reliable-traditional-chinese-meaning
論ずる,ろんずる,N2,"{""N2"": 2}","{""community-independent"": ""N2"", ""waller-derived"": ""N2""}",openjlpt|waller|wordmaster,community-independent|waller-derived,2,lexical,to argue; to discuss; to debate,fully-absent,,,,,,,yes,HIGH,yes,yes,yes,N2,no,usu. in negative sentences,vt:transitive verb|vz:Ichidan verb - zuru verb (alternative form of -jiru verbs),to discuss; to talk about; to deal with (a topic); to argue; to dispute; to take into consideration,ADD_HIGH_CONFIDENCE,P1,Supported by >=2 independent reference families and exact JMdict form is common.,no-reliable-traditional-chinese-meaning
和英,わえい,N2,"{""N2"": 2}","{""community-independent"": ""N2"", ""waller-derived"": ""N2""}",openjlpt|waller|wordmaster,community-independent|waller-derived,2,lexical,Japanese-English,fully-absent,,,,,,,yes,HIGH,yes,yes,yes,N2,no,abbr:abbreviation,n:noun (common) (futsuumeishi),Japanese-English; Japanese-English dictionary,ADD_HIGH_CONFIDENCE,P1,Supported by >=2 independent reference families and exact JMdict form is common.,no-reliable-traditional-chinese-meaning
割合に,わりあいに,N2,"{""N1"": 1, ""N2"": 1}","{""community-independent"": ""N2"", ""waller-derived"": ""N1""}",openjlpt|waller|wordmaster,community-independent|waller-derived,2,lexical,comparatively,fully-absent,,,,,,,yes,HIGH,yes,yes,yes,N2,no,,adv:adverb (fukushi),comparatively,ADD_HIGH_CONFIDENCE,P1,Supported by >=2 independent reference families and exact JMdict form is common.,no-reliable-traditional-chinese-meaning
アワー,アワー,N1,"{""N1"": 2}","{""community-independent"": ""N1"", ""waller-derived"": ""N1""}",waller|wordmaster,community-independent|waller-derived,2,kana/loanword,hour,fully-absent,,,,,,,yes,HIGH,yes,yes,yes,N1,no,,n:noun (common) (futsuumeishi),hour,ADD_HIGH_CONFIDENCE,P1,Supported by >=2 independent reference families and exact JMdict form is common.,no-reliable-traditional-chinese-meaning
売り出し,うりだし,N1,"{""N1"": 2}","{""community-independent"": ""N1"", ""waller-derived"": ""N1""}",openjlpt|waller|wordmaster,community-independent|waller-derived,2,lexical,(bargain) sale,fully-absent,,,,,,,yes,HIGH,yes,yes,yes,N1,no,,n:noun (common) (futsuumeishi),(bargain) sale,ADD_HIGH_CONFIDENCE,P1,Supported by >=2 independent reference families and exact JMdict form is common.,no-reliable-traditional-chinese-meaning
運輸,うんゆ,N1,"{""N1"": 2}","{""community-independent"": ""N1"", ""waller-derived"": ""N1""}",openjlpt|waller|wordmaster,community-independent|waller-derived,2,lexical,transportation,fully-absent,,,,,,,yes,HIGH,yes,yes,yes,N1,no,,n:noun (common) (futsuumeishi),transportation,ADD_HIGH_CONFIDENCE,P1,Supported by >=2 independent reference families and exact JMdict form is common.,no-reliable-traditional-chinese-meaning
演ずる,えんずる,N1,"{""N1"": 2}","{""community-independent"": ""N1"", ""waller-derived"": ""N1""}",openjlpt|waller|wordmaster,community-independent|waller-derived,2,lexical,to perform; to play,fully-absent,,,,,,,yes,HIGH,yes,yes,yes,N1,no,,vt:transitive verb|vz:Ichidan verb - zuru verb (alternative form of -jiru verbs),"to act (a part); to play (a role); to perform (a play, etc.); to put on (a production); to commit (a blunder); to pretend (e.g. to be a good father)",ADD_HIGH_CONFIDENCE,P1,Supported by >=2 independent reference families and exact JMdict form is common.,no-reliable-traditional-chinese-meaning
お産,おさん,N1,"{""N1"": 2}","{""community-independent"": ""N1"", ""waller-derived"": ""N1""}",openjlpt|waller|wordmaster,community-independent|waller-derived,2,lexical,(giving) birth,fully-absent,,,,,,,yes,HIGH,yes,yes,yes,N1,no,pol:polite (teineigo) language,n:noun (common) (futsuumeishi),(giving) birth; childbirth; delivery,ADD_HIGH_CONFIDENCE,P1,Supported by >=2 independent reference families and exact JMdict form is common.,no-reliable-traditional-chinese-meaning
街道,かいどう,N1,"{""N1"": 2}","{""community-independent"": ""N1"", ""waller-derived"": ""N1""}",openjlpt|waller|wordmaster,community-independent|waller-derived,2,lexical,highway,fully-absent,,,,,,,yes,HIGH,yes,yes,yes,N1,no,,n:noun (common) (futsuumeishi),highway (esp. one existing from the Edo period); main road; highway (e.g. to success); path (to becoming ...); subdistrict (in China),ADD_HIGH_CONFIDENCE,P1,Supported by >=2 independent reference families and exact JMdict form is common.,no-reliable-traditional-chinese-meaning
化合,かごう,N1,"{""N1"": 2}","{""community-independent"": ""N1"", ""waller-derived"": ""N1""}",openjlpt|waller|wordmaster,community-independent|waller-derived,2,lexical,chemical combination,fully-absent,,,,,,,yes,HIGH,yes,yes,yes,N1,no,,n:noun (common) (futsuumeishi)|vi:intransitive verb|vs:noun or participle which takes the aux. verb suru,chemical combination,ADD_HIGH_CONFIDENCE,P1,Supported by >=2 independent reference families and exact JMdict form is common.,no-reliable-traditional-chinese-meaning
化繊,かせん,N1,"{""N1"": 2}","{""community-independent"": ""N1"", ""waller-derived"": ""N1""}",openjlpt|waller|wordmaster,community-independent|waller-derived,2,lexical,synthetic fibres,same-reading-different-writing,下線|寡占|河川,,,,,,yes,HIGH,yes,yes,yes,N1,no,abbr:abbreviation,n:noun (common) (futsuumeishi),synthetic fiber; synthetic fibre; chemical fiber; chemical fibre,ADD_HIGH_CONFIDENCE,P1,Supported by >=2 independent reference families and exact JMdict form is common.,no-reliable-traditional-chinese-meaning
観衆,かんしゅう,N1,"{""N1"": 2}","{""community-independent"": ""N1"", ""waller-derived"": ""N1""}",openjlpt|waller|wordmaster,community-independent|waller-derived,2,lexical,spectators; onlookers; members of the audience,same-reading-different-writing,慣習|監修,,,,,,yes,HIGH,yes,yes,yes,N1,no,,n:noun (common) (futsuumeishi),spectators; onlookers; members of the audience,ADD_HIGH_CONFIDENCE,P1,Supported by >=2 independent reference families and exact JMdict form is common.,no-reliable-traditional-chinese-meaning
幹線,かんせん,N1,"{""N1"": 2}","{""community-independent"": ""N1"", ""waller-derived"": ""N1""}",openjlpt|waller|wordmaster,community-independent|waller-derived,2,lexical,main line; trunk line,same-reading-different-writing,感染|汗腺|観戦,,,,,,yes,HIGH,yes,yes,yes,N1,no,,adj-no:nouns which may take the genitive case particle 'no'|n:noun (common) (futsuumeishi),main line; trunk line,ADD_HIGH_CONFIDENCE,P1,Supported by >=2 independent reference families and exact JMdict form is common.,no-reliable-traditional-chinese-meaning
ガレージ,ガレージ,N1,"{""N1"": 2}","{""community-independent"": ""N1"", ""waller-derived"": ""N1""}",waller|wordmaster,community-independent|waller-derived,2,kana/loanword,garage (at house),fully-absent,,,,,,,yes,HIGH,yes,yes,yes,N1,no,,n:noun (common) (futsuumeishi),garage,ADD_HIGH_CONFIDENCE,P1,Supported by >=2 independent reference families and exact JMdict form is common.,no-reliable-traditional-chinese-meaning
眼科,がんか,N1,"{""N1"": 2}","{""community-independent"": ""N1"", ""waller-derived"": ""N1""}",openjlpt|waller|wordmaster,community-independent|waller-derived,2,lexical,ophthalmology,fully-absent,,,,,,,yes,HIGH,yes,yes,yes,N1,no,,adj-no:nouns which may take the genitive case particle 'no'|n:noun (common) (futsuumeishi),ophthalmology,ADD_HIGH_CONFIDENCE,P1,Supported by >=2 independent reference families and exact JMdict form is common.,no-reliable-traditional-chinese-meaning
汽船,きせん,N1,"{""N1"": 2}","{""community-independent"": ""N1"", ""waller-derived"": ""N1""}",openjlpt|waller|wordmaster,community-independent|waller-derived,2,lexical,steamship,fully-absent,,,,,,,yes,HIGH,yes,yes,yes,N1,no,,n:noun (common) (futsuumeishi),steamship; steamboat; steamer,ADD_HIGH_CONFIDENCE,P1,Supported by >=2 independent reference families and exact JMdict form is common.,no-reliable-traditional-chinese-meaning
客観,きゃっかん,N1,"{""N1"": 2}","{""community-independent"": ""N1"", ""waller-derived"": ""N1""}",openjlpt|waller|wordmaster,community-independent|waller-derived,2,lexical,objective,fully-absent,,,,,,,yes,HIGH,yes,yes,yes,N1,no,,adj-no:nouns which may take the genitive case particle 'no'|n:noun (common) (futsuumeishi),objectivity; objective; object (philosophical),ADD_HIGH_CONFIDENCE,P1,Supported by >=2 independent reference families and exact JMdict form is common.,no-reliable-traditional-chinese-meaning
休学,きゅうがく,N1,"{""N1"": 2}","{""community-independent"": ""N1"", ""waller-derived"": ""N1""}",openjlpt|waller|wordmaster,community-independent|waller-derived,2,lexical,temporary absence from school; suspension,fully-absent,,,,,,,yes,HIGH,yes,yes,yes,N1,no,,n:noun (common) (futsuumeishi)|vs:noun or participle which takes the aux. verb suru|vt:transitive verb,temporary absence from school,ADD_HIGH_CONFIDENCE,P1,Supported by >=2 independent reference families and exact JMdict form is common.,no-reliable-traditional-chinese-meaning
休戦,きゅうせん,N1,"{""N1"": 2}","{""community-independent"": ""N1"", ""waller-derived"": ""N1""}",openjlpt|waller|wordmaster,community-independent|waller-derived,2,lexical,truce; armistice,fully-absent,,,,,,,yes,HIGH,yes,yes,yes,N1,no,,n:noun (common) (futsuumeishi)|vi:intransitive verb|vs:noun or participle which takes the aux. verb suru,cease-fire; truce; armistice,ADD_HIGH_CONFIDENCE,P1,Supported by >=2 independent reference families and exact JMdict form is common.,no-reliable-traditional-chinese-meaning
共学,きょうがく,N1,"{""N1"": 2}","{""community-independent"": ""N1"", ""waller-derived"": ""N1""}",openjlpt|waller|wordmaster,community-independent|waller-derived,2,lexical,coeducation,same-reading-different-writing,驚愕,,,,,,yes,HIGH,yes,yes,yes,N1,no,,n:noun (common) (futsuumeishi)|vi:intransitive verb|vs:noun or participle which takes the aux. verb suru,coeducation; mixed-sex education,ADD_HIGH_CONFIDENCE,P1,Supported by >=2 independent reference families and exact JMdict form is common.,no-reliable-traditional-chinese-meaning
議事堂,ぎじどう,N1,"{""N1"": 2}","{""community-independent"": ""N1"", ""waller-derived"": ""N1""}",openjlpt|waller|wordmaster,community-independent|waller-derived,2,lexical,Diet building,fully-absent,,,,,,,yes,HIGH,yes,yes,yes,N1,no,,n:noun (common) (futsuumeishi),assembly hall; parliament house; diet building; capitol; houses of parliament; congress hall,ADD_HIGH_CONFIDENCE,P1,Supported by >=2 independent reference families and exact JMdict form is common.,no-reliable-traditional-chinese-meaning
原書,げんしょ,N1,"{""N1"": 2}","{""community-independent"": ""N1"", ""waller-derived"": ""N1""}",openjlpt|waller|wordmaster,community-independent|waller-derived,2,lexical,original document,same-reading-different-writing,原初,,,,,,yes,HIGH,yes,yes,yes,N1,no,,n:noun (common) (futsuumeishi),original document (not a copy or adaptation); book in its original language (esp. a European language),ADD_HIGH_CONFIDENCE,P1,Supported by >=2 independent reference families and exact JMdict form is common.,no-reliable-traditional-chinese-meaning
言論,げんろん,N1,"{""N1"": 2}","{""community-independent"": ""N1"", ""waller-derived"": ""N1""}",openjlpt|waller|wordmaster,community-independent|waller-derived,2,lexical,discussion,fully-absent,,,,,,,yes,HIGH,yes,yes,yes,N1,no,,n:noun (common) (futsuumeishi),(one's) speech; expression of views; discussion,ADD_HIGH_CONFIDENCE,P1,Supported by >=2 independent reference families and exact JMdict form is common.,no-reliable-traditional-chinese-meaning
高尚,こうしょう,N1,"{""N1"": 2}","{""community-independent"": ""N1"", ""waller-derived"": ""N1""}",openjlpt|waller|wordmaster,community-independent|waller-derived,2,lexical,high; noble; refined,same-reading-different-writing,交渉,,,,,,yes,HIGH,yes,yes,yes,N1,no,,adj-na:adjectival nouns or quasi-adjectives (keiyodoshi)|n:noun (common) (futsuumeishi),high; noble; refined; advanced,ADD_HIGH_CONFIDENCE,P1,Supported by >=2 independent reference families and exact JMdict form is common.,no-reliable-traditional-chinese-meaning
行進,こうしん,N1,"{""N1"": 2}","{""community-independent"": ""N1"", ""waller-derived"": ""N1""}",openjlpt|waller|wordmaster,community-independent|waller-derived,2,lexical,march; parade,same-reading-different-writing,交信|更新,,,,,,yes,HIGH,yes,yes,yes,N1,no,,n:noun (common) (futsuumeishi)|vi:intransitive verb|vs:noun or participle which takes the aux. verb suru,march; parade,ADD_HIGH_CONFIDENCE,P1,Supported by >=2 independent reference families and exact JMdict form is common.,no-reliable-traditional-chinese-meaning
公然,こうぜん,N1,"{""N1"": 2}","{""community-independent"": ""N1"", ""waller-derived"": ""N1""}",openjlpt|waller|wordmaster,community-independent|waller-derived,2,lexical,open (e.g. secret); public; official,fully-absent,,,,,,,yes,HIGH,yes,yes,yes,N1,no,,adj-no:nouns which may take the genitive case particle 'no'|adj-t:'taru' adjective|adv-to:adverb taking the 'to' particle,open; public; official; overt,ADD_HIGH_CONFIDENCE,P1,Supported by >=2 independent reference families and exact JMdict form is common.,no-reliable-traditional-chinese-meaning
抗争,こうそう,N1,"{""N1"": 2}","{""community-independent"": ""N1"", ""waller-derived"": ""N1""}",openjlpt|waller|wordmaster,community-independent|waller-derived,2,lexical,dispute; resistance,same-reading-different-writing,構想|高層,,,,,,yes,HIGH,yes,yes,yes,N1,no,,n:noun (common) (futsuumeishi)|vi:intransitive verb|vs:noun or participle which takes the aux. verb suru,rivalry; feud; conflict; dispute; struggle; strife,ADD_HIGH_CONFIDENCE,P1,Supported by >=2 independent reference families and exact JMdict form is common.,no-reliable-traditional-chinese-meaning
後退,こうたい,N1,"{""N1"": 2}","{""community-independent"": ""N1"", ""waller-derived"": ""N1""}",openjlpt|waller|wordmaster,community-independent|waller-derived,2,lexical,retreat; backspace (BS),same-reading-different-writing,交代|抗体,,,,,,yes,HIGH,yes,yes,yes,N1,no,,n:noun (common) (futsuumeishi)|vi:intransitive verb|vs:noun or participle which takes the aux. verb suru,retreat; falling back; moving backwards; reversing; backing up (of a vehicle); retrogression,ADD_HIGH_CONFIDENCE,P1,Supported by >=2 independent reference families and exact JMdict form is common.,no-reliable-traditional-chinese-meaning
購読,こうどく,N1,"{""N1"": 2}","{""community-independent"": ""N1"", ""waller-derived"": ""N1""}",openjlpt|waller|wordmaster,community-independent|waller-derived,2,lexical,subscription (e.g. magazine),same-reading-different-writing,講読,,,,,,yes,HIGH,yes,yes,yes,N1,no,,adj-no:nouns which may take the genitive case particle 'no'|n:noun (common) (futsuumeishi)|vs:noun or participle which takes the aux. verb suru|vt:transitive verb,"buying and reading (book, magazine, etc.); subscribing (incl. free subscriptions); taking (e.g. newspaper)",ADD_HIGH_CONFIDENCE,P1,Supported by >=2 independent reference families and exact JMdict form is common.,no-reliable-traditional-chinese-meaning
公用,こうよう,N1,"{""N1"": 2}","{""community-independent"": ""N1"", ""waller-derived"": ""N1""}",openjlpt|waller|wordmaster,community-independent|waller-derived,2,lexical,government business; public use; public expense,same-reading-different-writing,効用|紅葉|高揚|黄葉,,,,,,yes,HIGH,yes,yes,yes,N1,no,,adj-no:nouns which may take the genitive case particle 'no'|n:noun (common) (futsuumeishi),official business; government business; public business; company duties; public use; government use,ADD_HIGH_CONFIDENCE,P1,Supported by >=2 independent reference families and exact JMdict form is common.,no-reliable-traditional-chinese-meaning
国防,こくぼう,N1,"{""N1"": 2}","{""community-independent"": ""N1"", ""waller-derived"": ""N1""}",openjlpt|waller|wordmaster,community-independent|waller-derived,2,lexical,national defence,same-reading-different-writing,国貿,,,,,,yes,HIGH,yes,yes,yes,N1,no,,n:noun (common) (futsuumeishi),national defence; national defense,ADD_HIGH_CONFIDENCE,P1,Supported by >=2 independent reference families and exact JMdict form is common.,no-reliable-traditional-chinese-meaning
合議,ごうぎ,N1,"{""N1"": 2}","{""community-independent"": ""N1"", ""waller-derived"": ""N1""}",openjlpt|waller|wordmaster,community-independent|waller-derived,2,lexical,consultation; conference,same-reading-different-writing,豪儀,,,,,,yes,HIGH,yes,yes,yes,N1,no,,n:noun (common) (futsuumeishi)|vi:intransitive verb|vs:noun or participle which takes the aux. verb suru|vt:transitive verb,consultation; conference; discussion; counsel,ADD_HIGH_CONFIDENCE,P1,Supported by >=2 independent reference families and exact JMdict form is common.,no-reliable-traditional-chinese-meaning
サンキュー,サンキュー,N1,"{""N1"": 2}","{""community-independent"": ""N1"", ""waller-derived"": ""N1""}",waller|wordmaster,community-independent|waller-derived,2,kana/loanword,thank you,fully-absent,,,,,,,yes,HIGH,yes,yes,yes,N1,no,col:colloquial,int:interjection (kandoushi),thank you; thanks,ADD_HIGH_CONFIDENCE,P1,Supported by >=2 independent reference families and exact JMdict form is common.,no-reliable-traditional-chinese-meaning
産婦人科,さんふじんか,N1,"{""N1"": 2}","{""community-independent"": ""N1"", ""waller-derived"": ""N1""}",openjlpt|waller|wordmaster,community-independent|waller-derived,2,lexical,maternity and gynecology department,fully-absent,,,,,,,yes,HIGH,yes,yes,yes,N1,no,,n:noun (common) (futsuumeishi),maternity and gynaecology department (gynecology); department of obstetrics and gynaecology (gynecology),ADD_HIGH_CONFIDENCE,P1,Supported by >=2 independent reference families and exact JMdict form is common.,no-reliable-traditional-chinese-meaning
財源,ざいげん,N1,"{""N1"": 2}","{""community-independent"": ""N1"", ""waller-derived"": ""N1""}",openjlpt|waller|wordmaster,community-independent|waller-derived,2,lexical,source of funds; resources; finances,fully-absent,,,,,,,yes,HIGH,yes,yes,yes,N1,no,,n:noun (common) (futsuumeishi),source of funds; resources; finances,ADD_HIGH_CONFIDENCE,P1,Supported by >=2 independent reference families and exact JMdict form is common.,no-reliable-traditional-chinese-meaning
子息,しそく,N1,"{""N1"": 2}","{""community-independent"": ""N1"", ""waller-derived"": ""N1""}",openjlpt|waller|wordmaster,community-independent|waller-derived,2,lexical,son,fully-absent,,,,,,,yes,HIGH,yes,yes,yes,N1,no,oft. ご〜,n:noun (common) (futsuumeishi),(another's) son,ADD_HIGH_CONFIDENCE,P1,Supported by >=2 independent reference families and exact JMdict form is common.,no-reliable-traditional-chinese-meaning
主体,しゅたい,N1,"{""N1"": 2}","{""community-independent"": ""N1"", ""waller-derived"": ""N1""}",openjlpt|waller|wordmaster,community-independent|waller-derived,2,lexical,subject; main constituent,fully-absent,,,,,,,yes,HIGH,yes,yes,yes,N1,no,,n:noun (common) (futsuumeishi),main constituent; core; nucleus; subject,ADD_HIGH_CONFIDENCE,P1,Supported by >=2 independent reference families and exact JMdict form is common.,no-reliable-traditional-chinese-meaning
守備,しゅび,N1,"{""N1"": 2}","{""community-independent"": ""N1"", ""waller-derived"": ""N1""}",openjlpt|waller|wordmaster,community-independent|waller-derived,2,lexical,defense,same-reading-different-writing,首尾,,,,,,yes,HIGH,yes,yes,yes,N1,no,,adj-no:nouns which may take the genitive case particle 'no'|n:noun (common) (futsuumeishi)|vs:noun or participle which takes the aux. verb suru|vt:transitive verb,defense; defence; fielding,ADD_HIGH_CONFIDENCE,P1,Supported by >=2 independent reference families and exact JMdict form is common.,no-reliable-traditional-chinese-meaning
私有,しゆう,N1,"{""N1"": 2}","{""community-independent"": ""N1"", ""waller-derived"": ""N1""}",openjlpt|waller|wordmaster,community-independent|waller-derived,2,lexical,private ownership,fully-absent,,,,,,,yes,HIGH,yes,yes,yes,N1,no,,adj-no:nouns which may take the genitive case particle 'no'|n:noun (common) (futsuumeishi)|vs:noun or participle which takes the aux. verb suru|vt:transitive verb,private ownership,ADD_HIGH_CONFIDENCE,P1,Supported by >=2 independent reference families and exact JMdict form is common.,no-reliable-traditional-chinese-meaning
庶務,しょむ,N1,"{""N1"": 2}","{""community-independent"": ""N1"", ""waller-derived"": ""N1""}",openjlpt|waller|wordmaster,community-independent|waller-derived,2,lexical,general affairs,fully-absent,,,,,,,yes,HIGH,yes,yes,yes,N1,no,,n:noun (common) (futsuumeishi),general affairs,ADD_HIGH_CONFIDENCE,P1,Supported by >=2 independent reference families and exact JMdict form is common.,no-reliable-traditional-chinese-meaning
使用人,しようにん,N1,"{""N1"": 2}","{""community-independent"": ""N1"", ""waller-derived"": ""N1""}",openjlpt|waller|wordmaster,community-independent|waller-derived,2,lexical,employee; servant,fully-absent,,,,,,,yes,HIGH,yes,yes,yes,N1,no,,n:noun (common) (futsuumeishi),employee; servant,ADD_HIGH_CONFIDENCE,P1,Supported by >=2 independent reference families and exact JMdict form is common.,no-reliable-traditional-chinese-meaning
新婚,しんこん,N1,"{""N1"": 2}","{""community-independent"": ""N1"", ""waller-derived"": ""N1""}",openjlpt|waller|wordmaster,community-independent|waller-derived,2,lexical,newly-wed,fully-absent,,,,,,,yes,HIGH,yes,yes,yes,N1,no,,adj-no:nouns which may take the genitive case particle 'no'|n:noun (common) (futsuumeishi)|vs:noun or participle which takes the aux. verb suru,newly-wed; newly married,ADD_HIGH_CONFIDENCE,P1,Supported by >=2 independent reference families and exact JMdict form is common.,no-reliable-traditional-chinese-meaning
信任,しんにん,N1,"{""N1"": 2}","{""community-independent"": ""N1"", ""waller-derived"": ""N1""}",openjlpt|waller|wordmaster,community-independent|waller-derived,2,lexical,trust; confidence; credence,fully-absent,,,,,,,yes,HIGH,yes,yes,yes,N1,no,,n:noun (common) (futsuumeishi)|vs:noun or participle which takes the aux. verb suru|vt:transitive verb,trust; confidence; credence,ADD_HIGH_CONFIDENCE,P1,Supported by >=2 independent reference families and exact JMdict form is common.,no-reliable-traditional-chinese-meaning
自首,じしゅ,N1,"{""N1"": 2}","{""community-independent"": ""N1"", ""waller-derived"": ""N1""}",openjlpt|waller|wordmaster,community-independent|waller-derived,2,lexical,surrender; give oneself up,same-reading-different-writing,自主,,,,,,yes,HIGH,yes,yes,yes,N1,no,,n:noun (common) (futsuumeishi)|vi:intransitive verb|vs:noun or participle which takes the aux. verb suru,surrender (to the authorities); giving oneself up; turning oneself in,ADD_HIGH_CONFIDENCE,P1,Supported by >=2 independent reference families and exact JMdict form is common.,no-reliable-traditional-chinese-meaning
辞職,じしょく,N1,"{""N1"": 2}","{""community-independent"": ""N1"", ""waller-derived"": ""N1""}",openjlpt|waller|wordmaster,community-independent|waller-derived,2,lexical,resignation,fully-absent,,,,,,,yes,HIGH,yes,yes,yes,N1,no,,n:noun (common) (futsuumeishi)|vi:intransitive verb|vs:noun or participle which takes the aux. verb suru,resignation,ADD_HIGH_CONFIDENCE,P1,Supported by >=2 independent reference families and exact JMdict form is common.,no-reliable-traditional-chinese-meaning
十字路,じゅうじろ,N1,"{""N1"": 2}","{""community-independent"": ""N1"", ""waller-derived"": ""N1""}",openjlpt|waller|wordmaster,community-independent|waller-derived,2,lexical,crossroads,fully-absent,,,,,,,yes,HIGH,yes,yes,yes,N1,no,,n:noun (common) (futsuumeishi),crossroads; intersection,ADD_HIGH_CONFIDENCE,P1,Supported by >=2 independent reference families and exact JMdict form is common.,no-reliable-traditional-chinese-meaning
準急,じゅんきゅう,N1,"{""N1"": 2}","{""community-independent"": ""N1"", ""waller-derived"": ""N1""}",openjlpt|waller|wordmaster,community-independent|waller-derived,2,lexical,local express (train  slower than an express),fully-absent,,,,,,,yes,HIGH,yes,yes,yes,N1,no,"abbr:abbreviation | from 準急行列車, etc.",n:noun (common) (futsuumeishi),semi-express train; local express train; sub-express train,ADD_HIGH_CONFIDENCE,P1,Supported by >=2 independent reference families and exact JMdict form is common.,no-reliable-traditional-chinese-meaning
水田,すいでん,N1,"{""N1"": 2}","{""community-independent"": ""N1"", ""waller-derived"": ""N1""}",openjlpt|waller|wordmaster,community-independent|waller-derived,2,lexical,(water-filled) paddy field,fully-absent,,,,,,,yes,HIGH,yes,yes,yes,N1,no,,n:noun (common) (futsuumeishi),(water-filled) paddy field,ADD_HIGH_CONFIDENCE,P1,Supported by >=2 independent reference families and exact JMdict form is common.,no-reliable-traditional-chinese-meaning
崇拝,すうはい,N1,"{""N1"": 2}","{""community-independent"": ""N1"", ""waller-derived"": ""N1""}",openjlpt|waller|wordmaster,community-independent|waller-derived,2,lexical,worship; adoration; admiration,fully-absent,,,,,,,yes,HIGH,yes,yes,yes,N1,no,,n:noun (common) (futsuumeishi)|vs:noun or participle which takes the aux. verb suru|vt:transitive verb,worship; adoration; admiration; cult,ADD_HIGH_CONFIDENCE,P1,Supported by >=2 independent reference families and exact JMdict form is common.,no-reliable-traditional-chinese-meaning
製鉄,せいてつ,N1,"{""N1"": 2}","{""community-independent"": ""N1"", ""waller-derived"": ""N1""}",openjlpt|waller|wordmaster,community-independent|waller-derived,2,lexical,iron manufacture,fully-absent,,,,,,,yes,HIGH,yes,yes,yes,N1,no,,adj-no:nouns which may take the genitive case particle 'no'|n:noun (common) (futsuumeishi)|vi:intransitive verb|vs:noun or participle which takes the aux. verb suru,iron manufacture,ADD_HIGH_CONFIDENCE,P1,Supported by >=2 independent reference families and exact JMdict form is common.,no-reliable-traditional-chinese-meaning
戦災,せんさい,N1,"{""N1"": 2}","{""community-independent"": ""N1"", ""waller-derived"": ""N1""}",openjlpt|waller|wordmaster,community-independent|waller-derived,2,lexical,war damage,same-reading-different-writing,繊細,,,,,,yes,HIGH,yes,yes,yes,N1,no,,n:noun (common) (futsuumeishi),war damage,ADD_HIGH_CONFIDENCE,P1,Supported by >=2 independent reference families and exact JMdict form is common.,no-reliable-traditional-chinese-meaning
船舶,せんぱく,N1,"{""N1"": 2}","{""community-independent"": ""N1"", ""waller-derived"": ""N1""}",openjlpt|waller|wordmaster,community-independent|waller-derived,2,lexical,ship,same-reading-different-writing,浅薄,,,,,,yes,HIGH,yes,yes,yes,N1,no,,n:noun (common) (futsuumeishi),vessel; ship; shipping; seacraft,ADD_HIGH_CONFIDENCE,P1,Supported by >=2 independent reference families and exact JMdict form is common.,no-reliable-traditional-chinese-meaning
税務署,ぜいむしょ,N1,"{""N1"": 2}","{""community-independent"": ""N1"", ""waller-derived"": ""N1""}",openjlpt|waller|wordmaster,community-independent|waller-derived,2,lexical,tax office,fully-absent,,,,,,,yes,HIGH,yes,yes,yes,N1,no,,n:noun (common) (futsuumeishi),tax office,ADD_HIGH_CONFIDENCE,P1,Supported by >=2 independent reference families and exact JMdict form is common.,no-reliable-traditional-chinese-meaning
蔵相,ぞうしょう,N1,"{""N1"": 2}","{""community-independent"": ""N1"", ""waller-derived"": ""N1""}",openjlpt|waller|wordmaster,community-independent|waller-derived,2,lexical,Minister of Finance,fully-absent,,,,,,,yes,HIGH,yes,yes,yes,N1,no,,n:noun (common) (futsuumeishi),Minister of Finance,ADD_HIGH_CONFIDENCE,P1,Supported by >=2 independent reference families and exact JMdict form is common.,no-reliable-traditional-chinese-meaning
沈没,ちんぼつ,N1,"{""N1"": 2}","{""community-independent"": ""N1"", ""waller-derived"": ""N1""}",openjlpt|waller|wordmaster,community-independent|waller-derived,2,lexical,sinking; foundering,fully-absent,,,,,,,yes,HIGH,yes,yes,yes,N1,no,backpacker slang | col:colloquial | sl:slang,n:noun (common) (futsuumeishi)|vi:intransitive verb|vs:noun or participle which takes the aux. verb suru,"sinking; foundering; going down; submersion; getting dead drunk; having too much fun (esp. in a red-light district, etc.) and missing work or neglecting one's duties",ADD_HIGH_CONFIDENCE,P1,Supported by >=2 independent reference families and exact JMdict form is common.,no-reliable-traditional-chinese-meaning
天災,てんさい,N1,"{""N1"": 2}","{""community-independent"": ""N1"", ""waller-derived"": ""N1""}",openjlpt|waller|wordmaster,community-independent|waller-derived,2,lexical,natural calamity; disaster,same-reading-different-writing,天才,,,,,,yes,HIGH,yes,yes,yes,N1,no,,n:noun (common) (futsuumeishi),natural disaster; natural calamity; act of God,ADD_HIGH_CONFIDENCE,P1,Supported by >=2 independent reference families and exact JMdict form is common.,no-reliable-traditional-chinese-meaning
転任,てんにん,N1,"{""N1"": 2}","{""community-independent"": ""N1"", ""waller-derived"": ""N1""}",openjlpt|waller|wordmaster,community-independent|waller-derived,2,lexical,change of post,fully-absent,,,,,,,yes,HIGH,yes,yes,yes,N1,no,,n:noun (common) (futsuumeishi)|vi:intransitive verb|vs:noun or participle which takes the aux. verb suru,change of post,ADD_HIGH_CONFIDENCE,P1,Supported by >=2 independent reference families and exact JMdict form is common.,no-reliable-traditional-chinese-meaning
共稼ぎ,ともかせぎ,N1,"{""N1"": 2}","{""community-independent"": ""N1"", ""waller-derived"": ""N1""}",openjlpt|waller|wordmaster,community-independent|waller-derived,2,lexical,working together; (husband and wife) earning a living together,fully-absent,,,,,,,yes,HIGH,yes,yes,yes,N1,no,,adj-no:nouns which may take the genitive case particle 'no'|n:noun (common) (futsuumeishi)|vi:intransitive verb|vs:noun or participle which takes the aux. verb suru,(husband and wife) earning a living together,ADD_HIGH_CONFIDENCE,P1,Supported by >=2 independent reference families and exact JMdict form is common.,no-reliable-traditional-chinese-meaning
ニュー,ニュー,N1,"{""N1"": 2}","{""community-independent"": ""N1"", ""waller-derived"": ""N1""}",waller|wordmaster,community-independent|waller-derived,2,kana/loanword,new,fully-absent,,,,,,,yes,HIGH,yes,yes,yes,N1,no,,adj-f:noun or verb acting prenominally,new,ADD_HIGH_CONFIDENCE,P1,Supported by >=2 independent reference families and exact JMdict form is common.,no-reliable-traditional-chinese-meaning
ネガ,ネガ,N1,"{""N1"": 2}","{""community-independent"": ""N1"", ""waller-derived"": ""N1""}",waller|wordmaster,community-independent|waller-derived,2,kana/loanword,(photographic) negative,fully-absent,,,,,,,yes,HIGH,yes,yes,yes,N1,no,abbr:abbreviation,adj-na:adjectival nouns or quasi-adjectives (keiyodoshi)|n:noun (common) (futsuumeishi),negative; negative (e.g. thinking),ADD_HIGH_CONFIDENCE,P1,Supported by >=2 independent reference families and exact JMdict form is common.,no-reliable-traditional-chinese-meaning
原っぱ,はらっぱ,N1,"{""N1"": 2}","{""community-independent"": ""N1"", ""waller-derived"": ""N1""}",openjlpt|waller|wordmaster,community-independent|waller-derived,2,lexical,open field; empty lot; plain,fully-absent,,,,,,,yes,HIGH,yes,yes,yes,N1,no,,n:noun (common) (futsuumeishi),open field; empty lot; plain,ADD_HIGH_CONFIDENCE,P1,Supported by >=2 independent reference families and exact JMdict form is common.,no-reliable-traditional-chinese-meaning
倍率,ばいりつ,N1,"{""N1"": 2}","{""community-independent"": ""N1"", ""waller-derived"": ""N1""}",openjlpt|waller|wordmaster,community-independent|waller-derived,2,lexical,diameter; magnification,fully-absent,,,,,,,yes,HIGH,yes,yes,yes,N1,no,25% acceptance would be a 倍率 of 4,n:noun (common) (futsuumeishi),magnification; leverage; amplification; scaling factor; scale factor; competitiveness rating (e.g. for university entrance),ADD_HIGH_CONFIDENCE,P1,Supported by >=2 independent reference families and exact JMdict form is common.,no-reliable-traditional-chinese-meaning
雛,ひな,N1,"{""N1"": 2}","{""community-independent"": ""N1"", ""waller-derived"": ""N1""}",openjlpt|waller|wordmaster,community-independent|waller-derived,2,lexical,young bird; chick; doll,same-reading-different-writing,雛[ひな],,,,,,yes,HIGH,yes,yes,yes,N1,no,uk:word usually written using kana alone,n:noun (common) (futsuumeishi),young bird; chick; fledgling; hina doll; doll displayed during the Girls' Festival,ADD_HIGH_CONFIDENCE,P1,Supported by >=2 independent reference families and exact JMdict form is common.,no-reliable-traditional-chinese-meaning
火花,ひばな,N1,"{""N1"": 2}","{""community-independent"": ""N1"", ""waller-derived"": ""N1""}",openjlpt|waller|wordmaster,community-independent|waller-derived,2,lexical,spark,fully-absent,,,,,,,yes,HIGH,yes,yes,yes,N1,no,,n:noun (common) (futsuumeishi),spark,ADD_HIGH_CONFIDENCE,P1,Supported by >=2 independent reference families and exact JMdict form is common.,no-reliable-traditional-chinese-meaning
不振,ふしん,N1,"{""N1"": 2}","{""community-independent"": ""N1"", ""waller-derived"": ""N1""}",openjlpt|waller|wordmaster,community-independent|waller-derived,2,lexical,dullness; depression; slump,same-reading-different-writing,不信|不審,,,,,,yes,HIGH,yes,yes,yes,N1,no,,adj-na:adjectival nouns or quasi-adjectives (keiyodoshi)|adj-no:nouns which may take the genitive case particle 'no'|n:noun (common) (futsuumeishi),dullness; slump; stagnation; inactivity; depression,ADD_HIGH_CONFIDENCE,P1,Supported by >=2 independent reference families and exact JMdict form is common.,no-reliable-traditional-chinese-meaning
付録,ふろく,N1,"{""N1"": 2}","{""community-independent"": ""N1"", ""waller-derived"": ""N1""}",openjlpt|waller|wordmaster,community-independent|waller-derived,2,lexical,appendix; supplement,fully-absent,,,,,,,yes,HIGH,yes,yes,yes,N1,no,,n:noun (common) (futsuumeishi),appendix; supplement; annex; extra (of a newspaper or magazine),ADD_HIGH_CONFIDENCE,P1,Supported by >=2 independent reference families and exact JMdict form is common.,no-reliable-traditional-chinese-meaning
噴出,ふんしゅつ,N1,"{""N1"": 2}","{""community-independent"": ""N1"", ""waller-derived"": ""N1""}",openjlpt|waller|wordmaster,community-independent|waller-derived,2,lexical,spewing; gushing; spouting,fully-absent,,,,,,,yes,HIGH,yes,yes,yes,N1,no,,n:noun (common) (futsuumeishi)|vi:intransitive verb|vs:noun or participle which takes the aux. verb suru|vt:transitive verb,spewing; gushing; spouting; eruption; effusion,ADD_HIGH_CONFIDENCE,P1,Supported by >=2 independent reference families and exact JMdict form is common.,no-reliable-traditional-chinese-meaning
分母,ぶんぼ,N1,"{""N1"": 2}","{""community-independent"": ""N1"", ""waller-derived"": ""N1""}",openjlpt|waller|wordmaster,community-independent|waller-derived,2,lexical,denominator,fully-absent,,,,,,,yes,HIGH,yes,yes,yes,N1,no,,n:noun (common) (futsuumeishi),denominator,ADD_HIGH_CONFIDENCE,P1,Supported by >=2 independent reference families and exact JMdict form is common.,no-reliable-traditional-chinese-meaning
分離,ぶんり,N1,"{""N1"": 2}","{""community-independent"": ""N1"", ""waller-derived"": ""N1""}",openjlpt|waller|wordmaster,community-independent|waller-derived,2,lexical,separation; detachment; segregation,fully-absent,,,,,,,yes,HIGH,yes,yes,yes,N1,no,,n:noun (common) (futsuumeishi)|vi:intransitive verb|vs:noun or participle which takes the aux. verb suru|vt:transitive verb,separation; partition; detachment; segregation; isolation,ADD_HIGH_CONFIDENCE,P1,Supported by >=2 independent reference families and exact JMdict form is common.,no-reliable-traditional-chinese-meaning
平方,へいほう,N1,"{""N1"": 2}","{""community-independent"": ""N1"", ""waller-derived"": ""N1""}",openjlpt|waller|wordmaster,community-independent|waller-derived,2,lexical,square (e.g. metre); square,fully-absent,,,,,,,yes,HIGH,yes,yes,yes,N1,no,,n:noun (common) (futsuumeishi),square (e.g. metre),ADD_HIGH_CONFIDENCE,P1,Supported by >=2 independent reference families and exact JMdict form is common.,no-reliable-traditional-chinese-meaning
穂,ほ,N1,"{""N1"": 2}","{""community-independent"": ""N1"", ""waller-derived"": ""N1""}",openjlpt|waller|wordmaster,community-independent|waller-derived,2,lexical,ear (of plant); head (of plant),same-reading-different-writing,帆|歩,,,,,,yes,HIGH,yes,yes,yes,N1,no,,n:noun (common) (futsuumeishi),"ear (of a cereal plant); head; spike; point (of a brush, spear, etc.); tip; (pointed) head",ADD_HIGH_CONFIDENCE,P1,Supported by >=2 independent reference families and exact JMdict form is common.,no-reliable-traditional-chinese-meaning
放射能,ほうしゃのう,N1,"{""N1"": 2}","{""community-independent"": ""N1"", ""waller-derived"": ""N1""}",openjlpt|waller|wordmaster,community-independent|waller-derived,2,lexical,radioactivity,fully-absent,,,,,,,yes,HIGH,yes,yes,yes,N1,no,col:colloquial,n:noun (common) (futsuumeishi),radioactivity; radiation; radioactive material,ADD_HIGH_CONFIDENCE,P1,Supported by >=2 independent reference families and exact JMdict form is common.,no-reliable-traditional-chinese-meaning
防火,ぼうか,N1,"{""N1"": 2}","{""community-independent"": ""N1"", ""waller-derived"": ""N1""}",openjlpt|waller|wordmaster,community-independent|waller-derived,2,lexical,fire prevention; fire fighting; fire proof,fully-absent,,,,,,,yes,HIGH,yes,yes,yes,N1,no,,n:noun (common) (futsuumeishi),fire prevention; fire control; fireproofing,ADD_HIGH_CONFIDENCE,P1,Supported by >=2 independent reference families and exact JMdict form is common.,no-reliable-traditional-chinese-meaning
母校,ぼこう,N1,"{""N1"": 2}","{""community-independent"": ""N1"", ""waller-derived"": ""N1""}",openjlpt|waller|wordmaster,community-independent|waller-derived,2,lexical,alma mater,fully-absent,,,,,,,yes,HIGH,yes,yes,yes,N1,no,,n:noun (common) (futsuumeishi),alma mater,ADD_HIGH_CONFIDENCE,P1,Supported by >=2 independent reference families and exact JMdict form is common.,no-reliable-traditional-chinese-meaning
微塵,みじん,N1,"{""N1"": 2}","{""community-independent"": ""N1"", ""waller-derived"": ""N1""}",openjlpt|waller|wordmaster,community-independent|waller-derived,2,lexical,particle; atom,fully-absent,,,,,,,yes,HIGH,yes,yes,yes,N1,no,"used with neg. verb, often as 微塵も〜ない",adj-no:nouns which may take the genitive case particle 'no'|n:noun (common) (futsuumeishi),particle; atom; little piece; not at all; not the slightest,ADD_HIGH_CONFIDENCE,P1,Supported by >=2 independent reference families and exact JMdict form is common.,no-reliable-traditional-chinese-meaning
民俗,みんぞく,N1,"{""N1"": 2}","{""community-independent"": ""N1"", ""waller-derived"": ""N1""}",openjlpt|waller|wordmaster,community-independent|waller-derived,2,lexical,people; race; nation,same-reading-different-writing,民族,,,,,,yes,HIGH,yes,yes,yes,N1,no,,n:noun (common) (futsuumeishi),folk customs; folkways; ethnic customs,ADD_HIGH_CONFIDENCE,P1,Supported by >=2 independent reference families and exact JMdict form is common.,no-reliable-traditional-chinese-meaning
婿,むこ,N1,"{""N1"": 2}","{""community-independent"": ""N1"", ""waller-derived"": ""N1""}",openjlpt|waller|wordmaster,community-independent|waller-derived,2,lexical,son-in-law,fully-absent,,,,,,,yes,HIGH,yes,yes,yes,N1,no,,n:noun (common) (futsuumeishi),husband; groom; (one's) son-in-law,ADD_HIGH_CONFIDENCE,P1,Supported by >=2 independent reference families and exact JMdict form is common.,no-reliable-traditional-chinese-meaning
無闇に,むやみに,N1,"{""N1"": 2}","{""community-independent"": ""N1"", ""waller-derived"": ""N1""}",openjlpt|waller|wordmaster,community-independent|waller-derived,2,lexical,unreasonably; absurdly; recklessly,fully-absent,,,,,,,yes,HIGH,yes,yes,yes,N1,no,ateji:ateji (phonetic) reading | uk:word usually written using kana alone,adv:adverb (fukushi),thoughtlessly; recklessly; rashly; indiscriminately; indiscreetly; at random,ADD_HIGH_CONFIDENCE,P1,Supported by >=2 independent reference families and exact JMdict form is common.,no-reliable-traditional-chinese-meaning
面目,めんぼく,N1,"{""N1"": 2}","{""community-independent"": ""N1"", ""waller-derived"": ""N1""}",openjlpt|waller|wordmaster,community-independent|waller-derived,2,lexical,face; honour; reputation,fully-absent,,,,,,,yes,HIGH,yes,yes,yes,N1,no,,n:noun (common) (futsuumeishi),face; honour; honor; reputation; prestige; dignity,ADD_HIGH_CONFIDENCE,P1,Supported by >=2 independent reference families and exact JMdict form is common.,no-reliable-traditional-chinese-meaning
弓,ゆみ,N1,"{""N1"": 2}","{""community-independent"": ""N1"", ""waller-derived"": ""N1""}",openjlpt|waller|wordmaster,community-independent|waller-derived,2,lexical,bow (and arrow),fully-absent,,,,,,,yes,HIGH,yes,yes,yes,N1,no,ゆ is usu. a prefix,n:noun (common) (futsuumeishi),"bow (weapon); archery; bow (for a violin, etc.)",ADD_HIGH_CONFIDENCE,P1,Supported by >=2 independent reference families and exact JMdict form is common.,no-reliable-traditional-chinese-meaning
論議,ろんぎ,N1,"{""N1"": 2}","{""community-independent"": ""N1"", ""waller-derived"": ""N1""}",openjlpt|waller|wordmaster,community-independent|waller-derived,2,lexical,discussion,fully-absent,,,,,,,yes,HIGH,yes,yes,yes,N1,no,,n:noun (common) (futsuumeishi)|vs:noun or participle which takes the aux. verb suru|vt:transitive verb,discussion; argument; debate,ADD_HIGH_CONFIDENCE,P1,Supported by >=2 independent reference families and exact JMdict form is common.,no-reliable-traditional-chinese-meaning
和文,わぶん,N1,"{""N1"": 2}","{""community-independent"": ""N1"", ""waller-derived"": ""N1""}",openjlpt|waller|wordmaster,community-independent|waller-derived,2,lexical,Japanese text; sentence in Japanese,fully-absent,,,,,,,yes,HIGH,yes,yes,yes,N1,no,,n:noun (common) (futsuumeishi),Japanese text; sentence in Japanese,ADD_HIGH_CONFIDENCE,P1,Supported by >=2 independent reference families and exact JMdict form is common.,no-reliable-traditional-chinese-meaning
お互い,おたがい,N3,"{""N3"": 2}","{""community-independent"": ""N3"", ""waller-derived"": ""N3""}",openjlpt|waller|wordmaster,community-independent|waller-derived,2,lexical,mutual; reciprocal; each other,fully-absent,,,,,,,yes,HIGH,yes,no,no,N3,no,pol:polite (teineigo) language,adj-no:nouns which may take the genitive case particle 'no'|adv:adverb (fukushi)|n:noun (common) (futsuumeishi),each other; one another,ADD_HIGH_CONFIDENCE,P2,Supported by >=2 independent reference families and exact JMdict form exists.,no-reliable-traditional-chinese-meaning
昨,さく,N3,"{""N3"": 2}","{""community-independent"": ""N3"", ""waller-derived"": ""N3""}",openjlpt|waller|wordmaster,community-independent|waller-derived,2,lexical,last (year); yesterday,same-reading-different-writing,咲く|柵|策|裂く,,,,,,yes,HIGH,yes,no,no,N3,no,,pref:prefix,last (year); yesterday,ADD_HIGH_CONFIDENCE,P2,Supported by >=2 independent reference families and exact JMdict form exists.,no-reliable-traditional-chinese-meaning
税,ぜい,N3,"{""N3"": 2}","{""community-independent"": ""N3"", ""waller-derived"": ""N3""}",waller|wordmaster,community-independent|waller-derived,2,lexical,tax,fully-absent,,,,,,,yes,HIGH,yes,no,no,N3,no,,n:noun (common) (futsuumeishi)|suf:suffix,tax,ADD_HIGH_CONFIDENCE,P2,Supported by >=2 independent reference families and exact JMdict form exists.,no-reliable-traditional-chinese-meaning
棟,とう,N3,"{""N1"": 1, ""N3"": 1}","{""community-independent"": ""N3"", ""waller-derived"": ""N1""}",openjlpt|waller|wordmaster,community-independent|waller-derived,2,lexical,place; section; building,same-reading-different-writing|same-writing-different-reading,党|唐|問う|塔|島|当|頭,むね,,,,,yes,HIGH,yes,no,no,N1,yes,,ctr:counter|n:noun (common) (futsuumeishi)|suf:suffix,"large building; building with a long roof; counter for buildings, apartments, etc.",ADD_HIGH_CONFIDENCE,P2,Supported by >=2 independent reference families and exact JMdict form exists. JLPT level conflicts with JMdict/Waller enrichment; add the form but review level before publishing.,no-reliable-traditional-chinese-meaning
どうぞよろしく,どうぞよろしく,N3,"{""N2"": 1, ""N3"": 1}","{""community-independent"": ""N3"", ""waller-derived"": ""N2""}",waller|wordmaster,community-independent|waller-derived,2,kana/loanword,pleased to meet you,fully-absent,,,,,,,yes,HIGH,yes,no,no,N2,yes,uk:word usually written using kana alone,"exp:expressions (phrases, clauses, etc.)",pleased to meet you; how do you do; my regards (to someone); my greetings; best wishes; remember me to,ADD_HIGH_CONFIDENCE,P2,Supported by >=2 independent reference families and exact JMdict form exists. JLPT level conflicts with JMdict/Waller enrichment; add the form but review level before publishing.,no-reliable-traditional-chinese-meaning
おまちどおさま,おまちどおさま,N2,"{""N2"": 2}","{""community-independent"": ""N2"", ""waller-derived"": ""N2""}",waller|wordmaster,community-independent|waller-derived,2,kana/loanword,Sorry to have kept you waiting,fully-absent,,,,,,,yes,HIGH,yes,no,no,N2,no,,"exp:expressions (phrases, clauses, etc.)",I'm sorry to have kept you waiting,ADD_HIGH_CONFIDENCE,P2,Supported by >=2 independent reference families and exact JMdict form exists.,no-reliable-traditional-chinese-meaning
こちらこそ,こちらこそ,N2,"{""N2"": 2}","{""community-independent"": ""N2"", ""waller-derived"": ""N2""}",waller|wordmaster,community-independent|waller-derived,2,kana/loanword,it is I who should say so,fully-absent,,,,,,,yes,HIGH,yes,no,no,N2,no,,"exp:expressions (phrases, clauses, etc.)",it is I who should say so,ADD_HIGH_CONFIDENCE,P2,Supported by >=2 independent reference families and exact JMdict form exists.,no-reliable-traditional-chinese-meaning
こないだ,こないだ,N2,"{""N2"": 2}","{""community-independent"": ""N2"", ""waller-derived"": ""N2""}",waller|wordmaster,community-independent|waller-derived,2,kana/loanword,"the other day,lately,recently",fully-absent,,,,,,,yes,HIGH,yes,no,no,N2,no,uk:word usually written using kana alone,adv:adverb (fukushi)|n:noun (common) (futsuumeishi),the other day; lately; recently,ADD_HIGH_CONFIDENCE,P2,Supported by >=2 independent reference families and exact JMdict form exists.,no-reliable-traditional-chinese-meaning
しゃぶる,しゃぶる,N2,"{""N2"": 2}","{""community-independent"": ""N2"", ""waller-derived"": ""N2""}",waller|wordmaster,community-independent|waller-derived,2,kana/loanword,"to suck,to chew",fully-absent,,,,,,,yes,HIGH,yes,no,no,N2,no,,v5r:Godan verb with 'ru' ending|vt:transitive verb,to suck; to lick,ADD_HIGH_CONFIDENCE,P2,Supported by >=2 independent reference families and exact JMdict form exists.,no-reliable-traditional-chinese-meaning
針路,しんろ,N2,"{""N2"": 2}","{""community-independent"": ""N2"", ""waller-derived"": ""N2""}",openjlpt|waller|wordmaster,community-independent|waller-derived,2,lexical,course; direction; compass bearing,same-reading-different-writing,進路,,,,,,yes,HIGH,yes,no,no,N2,no,,n:noun (common) (futsuumeishi),course; direction,ADD_HIGH_CONFIDENCE,P2,Supported by >=2 independent reference families and exact JMdict form exists.,no-reliable-traditional-chinese-meaning
存ずる,ぞんずる,N2,"{""N2"": 2}","{""community-independent"": ""N2"", ""waller-derived"": ""N2""}",waller|wordmaster,community-independent|waller-derived,2,lexical,(humble) to know,same-reading-different-writing,存,,,,,,yes,HIGH,yes,no,no,N2,no,hum:humble (kenjougo) language,vt:transitive verb|vz:Ichidan verb - zuru verb (alternative form of -jiru verbs),to know; to be aware (of); to be acquainted (with); to think; to consider; to believe,ADD_HIGH_CONFIDENCE,P2,Supported by >=2 independent reference families and exact JMdict form exists.,no-reliable-traditional-chinese-meaning
ダイヤグラム,ダイヤグラム,N2,"{""N2"": 2}","{""community-independent"": ""N2"", ""waller-derived"": ""N2""}",waller|wordmaster,community-independent|waller-derived,2,kana/loanword,diagram,fully-absent,,,,,,,yes,HIGH,yes,no,no,N2,no,,n:noun (common) (futsuumeishi),diagram,ADD_HIGH_CONFIDENCE,P2,Supported by >=2 independent reference families and exact JMdict form exists.,no-reliable-traditional-chinese-meaning
通ずる,つうずる,N2,"{""N2"": 2}","{""community-independent"": ""N2"", ""waller-derived"": ""N2""}",waller|wordmaster,community-independent|waller-derived,2,lexical,"to lead, to run, to open",fully-absent,,,,,,,yes,HIGH,yes,no,no,N2,no,,vi:intransitive verb|vz:Ichidan verb - zuru verb (alternative form of -jiru verbs),"to be open (to traffic); to lead to; to communicate (with); to flow (liquid, current); to pass; to get through to",ADD_HIGH_CONFIDENCE,P2,Supported by >=2 independent reference families and exact JMdict form exists.,no-reliable-traditional-chinese-meaning
何々,なになに,N2,"{""N2"": 2}","{""community-independent"": ""N2"", ""waller-derived"": ""N2""}",openjlpt|waller|wordmaster,community-independent|waller-derived,2,lexical,such and such; What?,fully-absent,,,,,,,yes,HIGH,yes,no,no,N2,no,used to dismiss someone's words or concerns | used when about to read a letter or document | used when asking about or referring to multiple unspecified things | used when asking for confirmation upon hearing something surprising | used when listing things that are unknown or do not need to be specified,int:interjection (kandoushi)|pn:pronoun,what; so-and-so; such and such; something (or other); what?; wait,ADD_HIGH_CONFIDENCE,P2,Supported by >=2 independent reference families and exact JMdict form exists.,no-reliable-traditional-chinese-meaning
斜,はす,N2,"{""N2"": 2}","{""community-independent"": ""N2"", ""waller-derived"": ""N2""}",waller|wordmaster,community-independent|waller-derived,2,lexical,diagonal,same-reading-different-writing,蓮,,,,,,yes,HIGH,yes,no,no,N2,no,,adj-no:nouns which may take the genitive case particle 'no'|n:noun (common) (futsuumeishi),diagonal,ADD_HIGH_CONFIDENCE,P2,Supported by >=2 independent reference families and exact JMdict form exists.,no-reliable-traditional-chinese-meaning
話中,はなしちゅう,N2,"{""N2"": 2}","{""community-independent"": ""N2"", ""waller-derived"": ""N2""}",openjlpt|waller|wordmaster,community-independent|waller-derived,2,lexical,while talking; the line is busy,fully-absent,,,,,,,yes,HIGH,yes,no,no,N2,no,,adj-no:nouns which may take the genitive case particle 'no',busy (phone); in talks; discussion underway,ADD_HIGH_CONFIDENCE,P2,Supported by >=2 independent reference families and exact JMdict form exists.,no-reliable-traditional-chinese-meaning
無沙汰,ぶさた,N2,"{""N2"": 2}","{""community-independent"": ""N2"", ""waller-derived"": ""N2""}",openjlpt|waller|wordmaster,community-independent|waller-derived,2,lexical,neglecting to stay in contact,fully-absent,,,,,,,yes,HIGH,yes,no,no,N2,no,,n:noun (common) (futsuumeishi)|vi:intransitive verb|vs:noun or participle which takes the aux. verb suru,"not writing or contacting for a while; neglecting to write (call, visit, etc.); failing to write (call, visit, etc.); long silence",ADD_HIGH_CONFIDENCE,P2,Supported by >=2 independent reference families and exact JMdict form exists.,no-reliable-traditional-chinese-meaning
店屋,みせや,N2,"{""N2"": 2}","{""community-independent"": ""N2"", ""waller-derived"": ""N2""}",openjlpt|waller|wordmaster,community-independent|waller-derived,2,lexical,store; shop,fully-absent,,,,,,,yes,HIGH,yes,no,no,N2,no,,n:noun (common) (futsuumeishi),store; shop,ADD_HIGH_CONFIDENCE,P2,Supported by >=2 independent reference families and exact JMdict form exists.,no-reliable-traditional-chinese-meaning
洋品店,ようひんてん,N2,"{""N2"": 2}","{""community-independent"": ""N2"", ""waller-derived"": ""N2""}",openjlpt|waller|wordmaster,community-independent|waller-derived,2,lexical,shop which handles Western-style apparel and accessories,fully-absent,,,,,,,yes,HIGH,yes,no,no,N2,no,,n:noun (common) (futsuumeishi),shop that handles Western-style apparel and accessories,ADD_HIGH_CONFIDENCE,P2,Supported by >=2 independent reference families and exact JMdict form exists.,no-reliable-traditional-chinese-meaning
お宮,おみや,N1,"{""N1"": 2}","{""community-independent"": ""N1"", ""waller-derived"": ""N1""}",openjlpt|waller|wordmaster,community-independent|waller-derived,2,lexical,Shinto shrine,fully-absent,,,,,,,yes,HIGH,yes,no,no,N1,no,,n:noun (common) (futsuumeishi),Shinto shrine,ADD_HIGH_CONFIDENCE,P2,Supported by >=2 independent reference families and exact JMdict form exists.,no-reliable-traditional-chinese-meaning
眼球,がんきゅう,N1,"{""N1"": 2}","{""community-independent"": ""N1"", ""waller-derived"": ""N1""}",openjlpt|waller|wordmaster,community-independent|waller-derived,2,lexical,eyeball,fully-absent,,,,,,,yes,HIGH,yes,no,no,N1,no,,adj-no:nouns which may take the genitive case particle 'no'|n:noun (common) (futsuumeishi),eyeball,ADD_HIGH_CONFIDENCE,P2,Supported by >=2 independent reference families and exact JMdict form exists.,no-reliable-traditional-chinese-meaning
気風,きふう,N1,"{""N1"": 2}","{""community-independent"": ""N1"", ""waller-derived"": ""N1""}",openjlpt|waller|wordmaster,community-independent|waller-derived,2,lexical,character; traits; ethos,fully-absent,,,,,,,yes,HIGH,yes,no,no,N1,no,,n:noun (common) (futsuumeishi),character; traits; ethos,ADD_HIGH_CONFIDENCE,P2,Supported by >=2 independent reference families and exact JMdict form exists.,no-reliable-traditional-chinese-meaning
旧知,きゅうち,N1,"{""N1"": 2}","{""community-independent"": ""N1"", ""waller-derived"": ""N1""}",openjlpt|waller|wordmaster,community-independent|waller-derived,2,lexical,old friend; old friendship,same-reading-different-writing,窮地,,,,,,yes,HIGH,yes,no,no,N1,no,,n:noun (common) (futsuumeishi),old friend; old acquaintance,ADD_HIGH_CONFIDENCE,P2,Supported by >=2 independent reference families and exact JMdict form exists.,no-reliable-traditional-chinese-meaning
局限,きょくげん,N1,"{""N1"": 2}","{""community-independent"": ""N1"", ""waller-derived"": ""N1""}",openjlpt|waller|wordmaster,community-independent|waller-derived,2,lexical,limit; localize,same-reading-different-writing,極限,,,,,,yes,HIGH,yes,no,no,N1,no,,n:noun (common) (futsuumeishi)|vs:noun or participle which takes the aux. verb suru|vt:transitive verb,limit; localize; localise,ADD_HIGH_CONFIDENCE,P2,Supported by >=2 independent reference families and exact JMdict form exists.,no-reliable-traditional-chinese-meaning
産休,さんきゅう,N1,"{""N1"": 2}","{""community-independent"": ""N1"", ""waller-derived"": ""N1""}",openjlpt|waller|wordmaster,community-independent|waller-derived,2,lexical,maternity leave,fully-absent,,,,,,,yes,HIGH,yes,no,no,N1,no,abbr:abbreviation,n:noun (common) (futsuumeishi),maternity leave; paternity leave,ADD_HIGH_CONFIDENCE,P2,Supported by >=2 independent reference families and exact JMdict form exists.,no-reliable-traditional-chinese-meaning
産後,さんご,N1,"{""N1"": 2}","{""community-independent"": ""N1"", ""waller-derived"": ""N1""}",openjlpt|waller|wordmaster,community-independent|waller-derived,2,lexical,postpartum; after childbirth,same-reading-different-writing,珊瑚|珊瑚[さんご],,,,,,yes,HIGH,yes,no,no,N1,no,,adj-no:nouns which may take the genitive case particle 'no'|n:noun (common) (futsuumeishi),after childbirth; postpartum,ADD_HIGH_CONFIDENCE,P2,Supported by >=2 independent reference families and exact JMdict form exists.,no-reliable-traditional-chinese-meaning
進度,しんど,N1,"{""N1"": 2}","{""community-independent"": ""N1"", ""waller-derived"": ""N1""}",openjlpt|waller|wordmaster,community-independent|waller-derived,2,lexical,progress,same-reading-different-writing,深度|震度,,,,,,yes,HIGH,yes,no,no,N1,no,,n:noun (common) (futsuumeishi),progress,ADD_HIGH_CONFIDENCE,P2,Supported by >=2 independent reference families and exact JMdict form exists.,no-reliable-traditional-chinese-meaning
ずらっと,ずらっと,N1,"{""N1"": 2}","{""community-independent"": ""N1"", ""waller-derived"": ""N1""}",waller|wordmaster,community-independent|waller-derived,2,kana/loanword,"in a line, in a row",fully-absent,,,,,,,yes,HIGH,yes,no,no,N1,no,on-mim:onomatopoeic or mimetic word,adv:adverb (fukushi),in a line; in a row,ADD_HIGH_CONFIDENCE,P2,Supported by >=2 independent reference families and exact JMdict form exists.,no-reliable-traditional-chinese-meaning
世辞,せじ,N1,"{""N1"": 2}","{""community-independent"": ""N1"", ""waller-derived"": ""N1""}",openjlpt|waller|wordmaster,community-independent|waller-derived,2,lexical,flattery; compliment,fully-absent,,,,,,,yes,HIGH,yes,no,no,N1,no,usu. お〜,n:noun (common) (futsuumeishi),flattery; compliment,ADD_HIGH_CONFIDENCE,P2,Supported by >=2 independent reference families and exact JMdict form exists.,no-reliable-traditional-chinese-meaning
宣教,せんきょう,N1,"{""N1"": 2}","{""community-independent"": ""N1"", ""waller-derived"": ""N1""}",openjlpt|waller|wordmaster,community-independent|waller-derived,2,lexical,religious mission,fully-absent,,,,,,,yes,HIGH,yes,no,no,N1,no,,n:noun (common) (futsuumeishi)|vi:intransitive verb|vs:noun or participle which takes the aux. verb suru,religious mission; religious proclamation,ADD_HIGH_CONFIDENCE,P2,Supported by >=2 independent reference families and exact JMdict form exists.,no-reliable-traditional-chinese-meaning
特派,とくは,N1,"{""N1"": 2}","{""community-independent"": ""N1"", ""waller-derived"": ""N1""}",openjlpt|waller|wordmaster,community-independent|waller-derived,2,lexical,send specially; special envoy,fully-absent,,,,,,,yes,HIGH,yes,no,no,N1,no,,n:noun (common) (futsuumeishi)|vs:noun or participle which takes the aux. verb suru|vt:transitive verb,send specially; special envoy,ADD_HIGH_CONFIDENCE,P2,Supported by >=2 independent reference families and exact JMdict form exists.,no-reliable-traditional-chinese-meaning
取り替え,とりかえ,N1,"{""N1"": 2}","{""community-independent"": ""N1"", ""waller-derived"": ""N1""}",openjlpt|waller|wordmaster,community-independent|waller-derived,2,lexical,swap; exchange,fully-absent,,,,,,,yes,HIGH,yes,no,no,N1,no,,n:noun (common) (futsuumeishi),swap; exchange,ADD_HIGH_CONFIDENCE,P2,Supported by >=2 independent reference families and exact JMdict form exists.,no-reliable-traditional-chinese-meaning
腹立ち,はらだち,N1,"{""N1"": 2}","{""community-independent"": ""N1"", ""waller-derived"": ""N1""}",openjlpt|waller|wordmaster,community-independent|waller-derived,2,lexical,anger,fully-absent,,,,,,,yes,HIGH,yes,no,no,N1,no,,n:noun (common) (futsuumeishi),anger,ADD_HIGH_CONFIDENCE,P2,Supported by >=2 independent reference families and exact JMdict form exists.,no-reliable-traditional-chinese-meaning
真ん前,まんまえ,N1,"{""N1"": 2}","{""community-independent"": ""N1"", ""waller-derived"": ""N1""}",openjlpt|waller|wordmaster,community-independent|waller-derived,2,lexical,right in front; under the nose,fully-absent,,,,,,,yes,HIGH,yes,no,no,N1,no,,adj-no:nouns which may take the genitive case particle 'no'|adv:adverb (fukushi),right in front; just opposite; under the nose,ADD_HIGH_CONFIDENCE,P2,Supported by >=2 independent reference families and exact JMdict form exists.,no-reliable-traditional-chinese-meaning
