word,reading,consensus_level,level_votes,family_level_votes,reference_sources,reference_families,support_count,candidate_type,example_meaning,relation,current_forms,current_readings,current_levels,jmdict_forms
暖まる,あたたまる,N3,"{""N2"": 1, ""N3"": 1}","{""community-independent"": ""N3"", ""waller-derived"": ""N2""}",openjlpt|waller|wordmaster,community-independent|waller-derived,2,lexical,to warm up; to get warm,same-jmdict-entry,温まる,あたたまる,N2,あたたまる|あったまる|ぬくまる|暖まる|温まる
あぶる,あぶる,N2,"{""N2"": 2}","{""community-independent"": ""N2"", ""waller-derived"": ""N2""}",waller|wordmaster,community-independent|waller-derived,2,kana/loanword,to scorch,same-jmdict-entry,炙る,あぶる,N2,あぶる|炙る|烘る|焙る
行き,いき,N3,"{""N3"": 2}","{""community-independent"": ""N3"", ""waller-derived"": ""N3""}",openjlpt|waller|wordmaster,community-independent|waller-derived,2,lexical,going,same-jmdict-entry,行き,ゆき,N3,いき|ゆき|往き|行き
いつのまにか,いつのまにか,N3,"{""N2"": 1, ""N3"": 1}","{""community-independent"": ""N3"", ""waller-derived"": ""N2""}",waller|wordmaster,community-independent|waller-derived,2,kana/loanword,"before one knows,unnoticed,unawares",same-jmdict-entry,いつの間にか,いつのまにか,N3,いつのまにか|いつの間にか|何時の間にか
魚,うお,N3,"{""N3"": 2}","{""community-independent"": ""N3"", ""waller-derived"": ""N3""}",openjlpt|waller|wordmaster,community-independent|waller-derived,2,lexical,fish,same-jmdict-entry,魚,さかな,N5,うお|さかな|魚
うなる,うなる,N3,"{""N3"": 2}","{""community-independent"": ""N3"", ""waller-derived"": ""N3""}",waller|wordmaster,community-independent|waller-derived,2,kana/loanword,"to groan,to moan",same-jmdict-entry,唸る,うなる,N3,うなる|呻る|唸る
産む,うむ,N3,"{""N1"": 1, ""N3"": 1}","{""community-independent"": ""N3"", ""waller-derived"": ""N1""}",openjlpt|waller|wordmaster,community-independent|waller-derived,2,lexical,to give birth; to deliver; to produce,same-jmdict-entry,生む,うむ,N4,うむ|生む|産む
おつり,おつり,N4,"{""N4"": 2}","{""community-independent"": ""N4"", ""waller-derived"": ""N4""}",waller|wordmaster,community-independent|waller-derived,2,kana/loanword,"change from purchase, balance",same-jmdict-entry,お釣り,おつり,N3,おつり|お釣|お釣り|御釣|御釣り
お出掛け,おでかけ,N2,"{""N2"": 2}","{""community-independent"": ""N2"", ""waller-derived"": ""N2""}",waller|wordmaster,community-independent|waller-derived,2,lexical,outing,same-jmdict-entry,お出かけ,おでかけ,N2,おでかけ|お出かけ|お出掛け|御出掛け
おまわりさん,おまわりさん,N5,"{""N5"": 2}","{""community-independent"": ""N5"", ""waller-derived"": ""N5""}",waller|wordmaster,community-independent|waller-derived,2,kana/loanword,friendly term for policeman,same-jmdict-entry,お巡りさん,おまわりさん,N5,おまわりさん|お巡りさん|御巡りさん
お目に掛かる,おめにかかる,N3,"{""N3"": 2}","{""community-independent"": ""N3"", ""waller-derived"": ""N3""}",waller|wordmaster,community-independent|waller-derived,2,lexical,拜见,same-jmdict-entry,お目にかかる,おめにかかる,N3,おめにかかる|お目にかかる|お目に掛かる|御目にかかる|御目に掛かる
思い掛けない,おもいがけない,N2,"{""N2"": 2}","{""community-independent"": ""N2"", ""waller-derived"": ""N2""}",openjlpt|waller|wordmaster,community-independent|waller-derived,2,lexical,unexpected; casual,same-jmdict-entry,思いがけない,おもいがけない,N2,おもいがけない|思いがけない|思い掛けない|思い掛け無い
降ろす,おろす,N3,"{""N3"": 2}","{""community-independent"": ""N3"", ""waller-derived"": ""N3""}",openjlpt|waller|wordmaster,community-independent|waller-derived,2,lexical,to take down; to launch; to drop,same-jmdict-entry,下ろす,おろす,N3,おろす|下す|下ろす|降ろす
反る,かえる,N3,"{""N2"": 1, ""N3"": 1}","{""community-independent"": ""N3"", ""waller-derived"": ""N2""}",openjlpt|waller|wordmaster,community-independent|waller-derived,2,lexical,to warp; to be warped; to curve,same-jmdict-entry,返る,かえる,N3,かえる|反る|返る
顔付き,かおつき,N1,"{""N1"": 2}","{""community-independent"": ""N1"", ""waller-derived"": ""N1""}",openjlpt|waller|wordmaster,community-independent|waller-derived,2,lexical,(outward) looks; features; face,same-jmdict-entry,顔つき,かおつき,N1,かおつき|顔つき|顔付|顔付き
係わる,かかわる,N2,"{""N2"": 2}","{""community-independent"": ""N2"", ""waller-derived"": ""N2""}",openjlpt|waller|wordmaster,community-independent|waller-derived,2,lexical,to concern oneself in; to have to do with; to affect,same-jmdict-entry,関わる,かかわる,N3,かかわる|係る|係わる|拘る|拘わる|関る|関わる
擦る,かする,N1,"{""N1"": 2}","{""community-independent"": ""N1"", ""waller-derived"": ""N1""}",openjlpt|waller|wordmaster,community-independent|waller-derived,2,lexical,to touch lightly; to take a percentage (from),same-jmdict-entry,掠る,かする,N1,かする|掠る|擦る
片寄る,かたよる,N2,"{""N2"": 2}","{""community-independent"": ""N2"", ""waller-derived"": ""N2""}",openjlpt|waller|wordmaster,community-independent|waller-derived,2,lexical,to be one-sided; to incline; to be partial,same-jmdict-entry,偏る,かたよる,N2,かたよる|偏る|片寄る
かもしれない,かもしれない,N3,"{""N3"": 2}","{""community-independent"": ""N3"", ""waller-derived"": ""N3""}",waller|wordmaster,community-independent|waller-derived,2,kana/loanword,"may,might,perhaps,may be,possibly",same-jmdict-entry,かも知れない,かもしれない,N3,かもしれない|かも知れない
かるた,かるた,N2,"{""N2"": 2}","{""community-independent"": ""N2"", ""waller-derived"": ""N2""}",waller|wordmaster,community-independent|waller-derived,2,kana/loanword,(n) playing cards (pt: carta),same-jmdict-entry,歌留多,カルタ,N2,かるた|かる多|カルタ|加留多|哥留多|嘉留太|歌留多|賀留多|軽多|軽板|骨牌
河,かわ,N5,"{""N3"": 1, ""N5"": 1}","{""community-independent"": ""N3"", ""waller-derived"": ""N5""}",openjlpt|waller|wordmaster,community-independent|waller-derived,2,lexical,river; stream,same-jmdict-entry,川,かわ,N5,かわ|がわ|川|河
規準,きじゅん,N2,"{""N2"": 2}","{""community-independent"": ""N2"", ""waller-derived"": ""N2""}",openjlpt|waller|wordmaster,community-independent|waller-derived,2,lexical,standard; basis; criteria,same-jmdict-entry,基準,きじゅん,N2,きじゅん|基準|規準
気付く,きづく,N3,"{""N3"": 2}","{""community-independent"": ""N3"", ""waller-derived"": ""N3""}",openjlpt|waller|wordmaster,community-independent|waller-derived,2,lexical,to notice; to recognize; to become aware of,same-jmdict-entry,気づく,きづく,N4,きずく|きづく|気ずく|気づく|気付く|気附く
獣,けだもの,N1,"{""N1"": 2}","{""community-independent"": ""N1"", ""waller-derived"": ""N1""}",openjlpt|waller|wordmaster,community-independent|waller-derived,2,lexical,beast; brute,same-jmdict-entry,獣,けもの,N1,けだもの|けもの|じゅう|ケダモノ|ケモノ|獣
交替,こうたい,N2,"{""N2"": 2}","{""community-independent"": ""N2"", ""waller-derived"": ""N2""}",openjlpt|waller|wordmaster,community-independent|waller-derived,2,lexical,alternation; change; relief,same-jmdict-entry,交代,こうたい,N2,こうたい|こうだい|交代|交替
こしらえる,こしらえる,N2,"{""N2"": 2}","{""community-independent"": ""N2"", ""waller-derived"": ""N2""}",waller|wordmaster,community-independent|waller-derived,2,kana/loanword,"to make,to manufacture",same-jmdict-entry,拵える,こしらえる,N2,こしらえる|拵える
今日,こんにち,N3,"{""N3"": 2}","{""community-independent"": ""N3"", ""waller-derived"": ""N3""}",openjlpt|waller|wordmaster,community-independent|waller-derived,2,lexical,today; this day,same-jmdict-entry,きょう|今日,きょう,N1|N5,きょう|こんじつ|こんち|こんにち|今日
ごちそうさま,ごちそうさま,N2,"{""N2"": 2}","{""community-independent"": ""N2"", ""waller-derived"": ""N2""}",waller|wordmaster,community-independent|waller-derived,2,kana/loanword,feast,same-jmdict-entry,ご馳走様,ごちそうさま,N2,ごちそうさま|ご馳走さま|ご馳走様|御馳走様
さ来年,さらいねん,N5,"{""N5"": 2}","{""community-independent"": ""N5"", ""waller-derived"": ""N5""}",openjlpt|waller|wordmaster,community-independent|waller-derived,2,lexical,year after next,same-jmdict-entry,再来年,さらいねん,N2,さらいねん|さ来年|再来年
さわやか,さわやか,N2,"{""N2"": 2}","{""community-independent"": ""N2"", ""waller-derived"": ""N2""}",waller|wordmaster,community-independent|waller-derived,2,kana/loanword,"fresh,refreshing,invigorating",same-jmdict-entry,爽やか,さわやか,N2,さわやか|爽やか
雫,しずく,N1,"{""N1"": 2}","{""community-independent"": ""N1"", ""waller-derived"": ""N1""}",openjlpt|waller|wordmaster,community-independent|waller-derived,2,lexical,drop (of water),same-jmdict-entry,滴,しずく,N1,しずく|滴|雫
七,しち,N5,"{""N5"": 2}","{""community-independent"": ""N5"", ""waller-derived"": ""N5""}",openjlpt|waller|wordmaster,community-independent|waller-derived,2,lexical,seven,same-jmdict-entry,な|七,な|なな,N5,しち|な|なあ|なな|ひち|七|柒|漆|７
湿気,しっき,N2,"{""N2"": 2}","{""community-independent"": ""N2"", ""waller-derived"": ""N2""}",waller|wordmaster,community-independent|waller-derived,2,lexical,"moisture,humidity,dampness",same-jmdict-entry,湿気,しっけ,N3,しっき|しっけ|湿気
しっぽ,しっぽ,N2,"{""N2"": 2}","{""community-independent"": ""N2"", ""waller-derived"": ""N2""}",waller|wordmaster,community-independent|waller-derived,2,kana/loanword,tail (animal),same-jmdict-entry,尻尾,しっぽ,N1,しっぽ|しりお|尻尾
屎尿,しにょう,N1,"{""N1"": 2}","{""community-independent"": ""N1"", ""waller-derived"": ""N1""}",openjlpt|waller|wordmaster,community-independent|waller-derived,2,lexical,excreta; raw sewage; human waste,same-jmdict-entry,し尿,しにょう,N1,しにょう|し尿|屎尿
しぼむ,しぼむ,N2,"{""N2"": 2}","{""community-independent"": ""N2"", ""waller-derived"": ""N2""}",waller|wordmaster,community-independent|waller-derived,2,kana/loanword,"to wither,to fade (away),to shrivel,to wilt",same-jmdict-entry,萎む,しぼむ,N2,しぼむ|凋む|萎む
執着,しゅうじゃく,N1,"{""N1"": 2}","{""community-independent"": ""N1"", ""waller-derived"": ""N1""}",openjlpt|waller|wordmaster,community-independent|waller-derived,2,lexical,attachment; adhesion; tenacity,same-jmdict-entry,執着,しゅうちゃく,N1,しゅうじゃく|しゅうちゃく|執着|執著
すくなくとも,すくなくとも,N3,"{""N2"": 1, ""N3"": 1}","{""community-independent"": ""N3"", ""waller-derived"": ""N2""}",waller|wordmaster,community-independent|waller-derived,2,kana/loanword,at least,same-jmdict-entry,少なくとも,すくなくとも,N2,すくなくとも|少くとも|少なくとも|尠くとも
角,すみ,N3,"{""N3"": 2}","{""community-independent"": ""N3"", ""waller-derived"": ""N3""}",openjlpt|waller|wordmaster,community-independent|waller-derived,2,lexical,horn,same-jmdict-entry,隅,すみ,N1,すま|すみ|角|隅
清む,すむ,N3,"{""N2"": 1, ""N3"": 1}","{""community-independent"": ""N3"", ""waller-derived"": ""N2""}",waller|wordmaster,community-independent|waller-derived,2,lexical,清澈,same-jmdict-entry,澄む,すむ,N1,すむ|清む|澄む
ずうっと,ずうっと,N2,"{""N2"": 2}","{""community-independent"": ""N2"", ""waller-derived"": ""N2""}",waller|wordmaster,community-independent|waller-derived,2,kana/loanword,"all the time, all the way",same-jmdict-entry,ずっと,ずっと,N5,ずうっと|ずっと|ずーっと
伜,せがれ,N1,"{""N1"": 2}","{""community-independent"": ""N1"", ""waller-derived"": ""N1""}",openjlpt|waller|wordmaster,community-independent|waller-derived,2,lexical,son; my son,same-jmdict-entry,倅,せがれ,N1,せがれ|伜|倅|忰|悴
世論,せろん,N1,"{""N1"": 2}","{""community-independent"": ""N1"", ""waller-derived"": ""N1""}",openjlpt|waller|wordmaster,community-independent|waller-derived,2,lexical,public opinion,same-jmdict-entry,世論,よろん,N1,せいろん|せろん|よろん|世論|輿論
そうっと,そうっと,N2,"{""N2"": 2}","{""community-independent"": ""N2"", ""waller-derived"": ""N2""}",waller|wordmaster,community-independent|waller-derived,2,kana/loanword,"softly, cautiously, gently",same-jmdict-entry,そっと,そっと,N3,そうっと|そおっと|そっと|そーっと
卒直,そっちょく,N2,"{""N2"": 2}","{""community-independent"": ""N2"", ""waller-derived"": ""N2""}",openjlpt|waller|wordmaster,community-independent|waller-derived,2,lexical,frankness; candour; openheartedness,same-jmdict-entry,率直,そっちょく,N2,そっちょく|卒直|率直
具える,そなえる,N3,"{""N2"": 1, ""N3"": 1}","{""community-independent"": ""N3"", ""waller-derived"": ""N2""}",openjlpt|waller|wordmaster,community-independent|waller-derived,2,lexical,to be furnished with,same-jmdict-entry,備える,そなえる,N2,そなえる|備える|具える
タイア,タイア,N2,"{""N2"": 2}","{""community-independent"": ""N2"", ""waller-derived"": ""N2""}",waller|wordmaster,community-independent|waller-derived,2,kana/loanword,"tire,tyre",same-jmdict-entry,タイヤ,タイヤ,N2,タイア|タイヤ
堪える,たえる,N1,"{""N1"": 2}","{""community-independent"": ""N1"", ""waller-derived"": ""N1""}",waller|wordmaster,community-independent|waller-derived,2,lexical,"to bear, to stand, to endure, to put up with, to support, to withstand, to resist, to brave, to be fit for, t",same-jmdict-entry,耐える,たえる,N2,たえる|堪える|耐える
たびたび,たびたび,N3,"{""N3"": 2}","{""community-independent"": ""N3"", ""waller-derived"": ""N3""}",waller|wordmaster,community-independent|waller-derived,2,kana/loanword,"often,repeatedly,frequently",same-jmdict-entry,度々,たびたび,N2,たびたび|度々|度度
溜息,ためいき,N2,"{""N2"": 2}","{""community-independent"": ""N2"", ""waller-derived"": ""N2""}",openjlpt|waller|wordmaster,community-independent|waller-derived,2,lexical,a sigh,same-jmdict-entry,ため息,ためいき,N1,ためいき|ため息|溜め息|溜息
大分,だいぶん,N2,"{""N2"": 2}","{""community-independent"": ""N2"", ""waller-derived"": ""N2""}",openjlpt|waller|wordmaster,community-independent|waller-derived,2,lexical,considerably; greatly; a lot,same-jmdict-entry,だいぶ|大分,だいぶ,N2|N4,だいぶ|だいぶん|大分
近付ける,ちかづける,N2,"{""N2"": 2}","{""community-independent"": ""N2"", ""waller-derived"": ""N2""}",openjlpt|waller|wordmaster,community-independent|waller-derived,2,lexical,to bring near; to put close; to let come near,same-jmdict-entry,近づける,ちかづける,N2,ちかづける|近づける|近付ける
塵紙,ちりがみ,N2,"{""N2"": 2}","{""community-independent"": ""N2"", ""waller-derived"": ""N2""}",openjlpt|waller|wordmaster,community-independent|waller-derived,2,lexical,tissue paper; toilet paper,same-jmdict-entry,ちり紙,ちりがみ,N2,ちりがみ|ちりし|ちり紙|チリ紙|塵紙
塵取り,ちりとり,N1,"{""N1"": 2}","{""community-independent"": ""N1"", ""waller-derived"": ""N1""}",openjlpt|waller|wordmaster,community-independent|waller-derived,2,lexical,dustpan,same-jmdict-entry,ちり取り,ちりとり,N1,ちりとり|ちり取|ちり取り|チリトリ|チリ取り|塵取|塵取り
造り,つくり,N1,"{""N1"": 2}","{""community-independent"": ""N1"", ""waller-derived"": ""N1""}",openjlpt|waller|wordmaster,community-independent|waller-derived,2,lexical,make up; structure; physique,same-jmdict-entry,作り,つくり,N3,つくり|作り|造り
手数,てかず,N1,"{""N1"": 2}","{""community-independent"": ""N1"", ""waller-derived"": ""N1""}",openjlpt|waller|wordmaster,community-independent|waller-derived,2,lexical,number of moves; trouble,same-jmdict-entry,手数,てすう,N2,てかず|てすう|手数
手掛ける,てがける,N1,"{""N1"": 2}","{""community-independent"": ""N1"", ""waller-derived"": ""N1""}",openjlpt|waller|wordmaster,community-independent|waller-derived,2,lexical,to handle; to manage; to work with,same-jmdict-entry,手がける,てがける,N1,てがける|手がける|手懸ける|手掛ける
適確,てきかく,N2,"{""N2"": 2}","{""community-independent"": ""N2"", ""waller-derived"": ""N2""}",openjlpt|waller|wordmaster,community-independent|waller-derived,2,lexical,precise; accurate,same-jmdict-entry,的確,てきかく,N2,てきかく|てっかく|的確|適確
手拭い,てぬぐい,N2,"{""N2"": 2}","{""community-independent"": ""N2"", ""waller-derived"": ""N2""}",openjlpt|waller|wordmaster,community-independent|waller-derived,2,lexical,(hand) towel,same-jmdict-entry,手ぬぐい,てぬぐい,N2,てぬぐい|手ぬぐい|手拭|手拭い
出合い,であい,N3,"{""N2"": 1, ""N3"": 1}","{""community-independent"": ""N3"", ""waller-derived"": ""N2""}",openjlpt|waller|wordmaster,community-independent|waller-derived,2,lexical,an encounter,same-jmdict-entry,出会い,であい,N2,であい|出会|出会い|出合|出合い|出逢い|出遭い
通り掛かる,とおりかかる,N2,"{""N2"": 2}","{""community-independent"": ""N2"", ""waller-derived"": ""N2""}",openjlpt|waller|wordmaster,community-independent|waller-derived,2,lexical,to happen to pass by,same-jmdict-entry,通りかかる,とおりかかる,N3,とおりかかる|通りかかる|通りがかる|通り掛かる|通り掛る
中味,なかみ,N3,"{""N2"": 1, ""N3"": 1}","{""community-independent"": ""N3"", ""waller-derived"": ""N2""}",openjlpt|waller|wordmaster,community-independent|waller-derived,2,lexical,contents; interior; substance,same-jmdict-entry,中身,なかみ,N3,なかみ|中味|中身
なにしろ,なにしろ,N2,"{""N2"": 2}","{""community-independent"": ""N2"", ""waller-derived"": ""N2""}",waller|wordmaster,community-independent|waller-derived,2,kana/loanword,"at any rate,anyhow,anyway,in any case",same-jmdict-entry,何しろ,なにしろ,N2,なにしろ|何しろ
なにも,なにも,N3,"{""N3"": 2}","{""community-independent"": ""N3"", ""waller-derived"": ""N3""}",waller|wordmaster,community-independent|waller-derived,2,kana/loanword,nothing,same-jmdict-entry,何も,なにも,N5,なにも|なんも|何も
なんとも,なんとも,N2,"{""N2"": 2}","{""community-independent"": ""N2"", ""waller-derived"": ""N2""}",waller|wordmaster,community-independent|waller-derived,2,kana/loanword,"nothing (with neg. verb),quite,not a bit",same-jmdict-entry,何とも,なんとも,N1,なんとも|何とも
日本,にっぽん,N3,"{""N3"": 2}","{""community-independent"": ""N3"", ""waller-derived"": ""N3""}",openjlpt|waller|wordmaster,community-independent|waller-derived,2,lexical,Japan,same-jmdict-entry,日本,にほん,N5,にっぽん|にほん|日本
寝間着,ねまき,N2,"{""N2"": 2}","{""community-independent"": ""N2"", ""waller-derived"": ""N2""}",openjlpt|waller|wordmaster,community-independent|waller-derived,2,lexical,sleep-wear; nightclothes; pyjamas,same-jmdict-entry,寝巻き,ねまき,N2,ねまき|寝まき|寝巻|寝巻き|寝衣|寝間着
はじめまして,はじめまして,N2,"{""N2"": 2}","{""community-independent"": ""N2"", ""waller-derived"": ""N2""}",waller|wordmaster,community-independent|waller-derived,2,kana/loanword,"How do you do?,I am glad to meet you",same-jmdict-entry,初めまして,はじめまして,N5,はじめまして|初めまして|始めまして
羽根,はね,N3,"{""N2"": 1, ""N3"": 1}","{""community-independent"": ""N3"", ""waller-derived"": ""N2""}",openjlpt|waller|wordmaster,community-independent|waller-derived,2,lexical,shuttlecock,same-jmdict-entry,は|羽,は|はね,N1|N2,は|はね|羽|羽根
張り紙,はりがみ,N1,"{""N1"": 2}","{""community-independent"": ""N1"", ""waller-derived"": ""N1""}",openjlpt|waller|wordmaster,community-independent|waller-derived,2,lexical,paper patch; paper backing; poster,same-jmdict-entry,貼り紙,はりがみ,N2,はりがみ|はり紙|張り紙|張紙|貼り紙|貼紙
陽射,ひざし,N2,"{""N2"": 2}","{""community-independent"": ""N2"", ""waller-derived"": ""N2""}",openjlpt|waller|wordmaster,community-independent|waller-derived,2,lexical,sunlight; rays of the sun,same-jmdict-entry,日差し,ひざし,N2,ひざし|日ざし|日射し|日差|日差し|陽ざし|陽射|陽射し|陽差し
引っ繰り返す,ひっくりかえす,N2,"{""N2"": 2}","{""community-independent"": ""N2"", ""waller-derived"": ""N2""}",openjlpt|waller|wordmaster,community-independent|waller-derived,2,lexical,to turn over; to overturn; to knock over,same-jmdict-entry,ひっくり返す,ひっくりかえす,N2,ひっくりかえす|ひっくりがえす|ひっくり返す|ヒックリ返す|引っくり返す|引っ繰り返す|引繰り返す
日日,ひにち,N2,"{""N2"": 2}","{""community-independent"": ""N2"", ""waller-derived"": ""N2""}",openjlpt|waller|wordmaster,community-independent|waller-derived,2,lexical,every day; daily; day after day,same-jmdict-entry,日にち,ひにち,N2,ひにち|日にち|日日
ひゃっかじてん,ひゃっかじてん,N2,"{""N2"": 2}","{""community-independent"": ""N2"", ""waller-derived"": ""N2""}",waller|wordmaster,community-independent|waller-derived,2,kana/loanword,encyclopedia,same-jmdict-entry,百科事典,ひゃっかじてん,N2,ひゃっかじてん|百科事典|百科辞典
附属,ふぞく,N2,"{""N2"": 2}","{""community-independent"": ""N2"", ""waller-derived"": ""N2""}",openjlpt|waller|wordmaster,community-independent|waller-derived,2,lexical,attached; belonging; affiliated,same-jmdict-entry,付属,ふぞく,N2,ふぞく|付属|附属
舟,ふね,N4,"{""N4"": 2}","{""community-independent"": ""N4"", ""waller-derived"": ""N4""}",openjlpt|waller|wordmaster,community-independent|waller-derived,2,lexical,ship,same-jmdict-entry,船,ふね,N5,ふね|槽|舟|船
殖やす,ふやす,N3,"{""N2"": 1, ""N3"": 1}","{""community-independent"": ""N3"", ""waller-derived"": ""N2""}",openjlpt|waller|wordmaster,community-independent|waller-derived,2,lexical,to increase; to add to; to augment,same-jmdict-entry,増やす,ふやす,N3,ふやす|増やす|殖やす
ぶらさげる,ぶらさげる,N2,"{""N2"": 2}","{""community-independent"": ""N2"", ""waller-derived"": ""N2""}",waller|wordmaster,community-independent|waller-derived,2,kana/loanword,"to hang,to suspend,to dangle,to swing",same-jmdict-entry,ぶら下げる,ぶらさげる,N2,ぶらさげる|ぶら下げる
頬,ほほ,N3,"{""N3"": 2}","{""community-independent"": ""N3"", ""waller-derived"": ""N3""}",openjlpt|waller|wordmaster,community-independent|waller-derived,2,lexical,cheek (of face),same-jmdict-entry,頬,ほお,N4,ほお|ほほ|頬|頰
濠,ほり,N3,"{""N3"": 2}","{""community-independent"": ""N3"", ""waller-derived"": ""N3""}",openjlpt|waller|wordmaster,community-independent|waller-derived,2,lexical,moat,same-jmdict-entry,堀,ほり,N3,ほり|堀|壕|濠
本当,ほんと,N3,"{""N3"": 2}","{""community-independent"": ""N3"", ""waller-derived"": ""N3""}",openjlpt|waller|wordmaster,community-independent|waller-derived,2,lexical,truth; reality,same-jmdict-entry,本当,ほんとう,N5,ほんと|ほんとう|ホント|ホントウ|ホントー|本当|本當
ぼろ,ぼろ,N2,"{""N2"": 2}","{""community-independent"": ""N2"", ""waller-derived"": ""N2""}",waller|wordmaster,community-independent|waller-derived,2,kana/loanword,"rag,scrap,tattered clothes,fault (esp. in a pretense)",same-jmdict-entry,襤褸,ぼろ,N2,ぼろ|ボロ|襤褸
交ざる,まざる,N3,"{""N2"": 1, ""N3"": 1}","{""community-independent"": ""N3"", ""waller-derived"": ""N2""}",openjlpt|waller|wordmaster,community-independent|waller-derived,2,lexical,to be mixed; to be blended with; to associate with,same-jmdict-entry,混ざる,まざる,N2,まざる|交ざる|混ざる|雑ざる
交じる,まじる,N3,"{""N2"": 1, ""N3"": 1}","{""community-independent"": ""N3"", ""waller-derived"": ""N2""}",openjlpt|waller|wordmaster,community-independent|waller-derived,2,lexical,to be mixed; to be blended with; to associate with,same-jmdict-entry,混じる,まじる,N2,まじる|交じる|交る|混じる|混る|雑じる
交ぜる,まぜる,N3,"{""N2"": 1, ""N3"": 1}","{""community-independent"": ""N3"", ""waller-derived"": ""N2""}",openjlpt|waller|wordmaster,community-independent|waller-derived,2,lexical,to be mixed; to be blended with,same-jmdict-entry,混ぜる,まぜる,N3,まぜる|交ぜる|混ぜる|雑ぜる
またぐ,またぐ,N2,"{""N2"": 2}","{""community-independent"": ""N2"", ""waller-derived"": ""N2""}",waller|wordmaster,community-independent|waller-derived,2,kana/loanword,to straddle,same-jmdict-entry,跨ぐ,またぐ,N2,またぐ|跨ぐ
まぶた,まぶた,N2,"{""N2"": 2}","{""community-independent"": ""N2"", ""waller-derived"": ""N2""}",waller|wordmaster,community-independent|waller-derived,2,kana/loanword,eyelids,same-jmdict-entry,瞼,まぶた,N2,まぶた|目蓋|眼蓋|瞼
みじめ,みじめ,N2,"{""N2"": 2}","{""community-independent"": ""N2"", ""waller-derived"": ""N2""}",waller|wordmaster,community-independent|waller-derived,2,kana/loanword,"(arch) sad,pitiful,wretched",same-jmdict-entry,惨め,みじめ,N1,みじめ|惨め
見せ物,みせもの,N1,"{""N1"": 2}","{""community-independent"": ""N1"", ""waller-derived"": ""N1""}",openjlpt|waller|wordmaster,community-independent|waller-derived,2,lexical,show; exhibition,same-jmdict-entry,見世物,みせもの,N1,みせもの|見せ物|見世物
目付き,めつき,N1,"{""N1"": 2}","{""community-independent"": ""N1"", ""waller-derived"": ""N1""}",openjlpt|waller|wordmaster,community-independent|waller-derived,2,lexical,look; expression of the eyes; eyes,same-jmdict-entry,目つき,めつき,N1,めつき|目つき|目付き|眼つき|眼付|眼付き
めまい,めまい,N2,"{""N2"": 2}","{""community-independent"": ""N2"", ""waller-derived"": ""N2""}",waller|wordmaster,community-independent|waller-derived,2,kana/loanword,"dizziness,giddiness",same-jmdict-entry,眩暈,めまい,N2,めまい|目まい|目眩|目眩い|眩冒|眩暈
基,もと,N3,"{""N3"": 2}","{""community-independent"": ""N3"", ""waller-derived"": ""N3""}",openjlpt|waller|wordmaster,community-independent|waller-derived,2,lexical,basis,same-jmdict-entry,元,もと,N2,もと|元|因|基|本|素
素,もと,N3,"{""N3"": 2}","{""community-independent"": ""N3"", ""waller-derived"": ""N3""}",openjlpt|waller|wordmaster,community-independent|waller-derived,2,lexical,prime,same-jmdict-entry,元,もと,N2,もと|元|因|基|本|素
やむをえない,やむをえない,N2,"{""N2"": 2}","{""community-independent"": ""N2"", ""waller-derived"": ""N2""}",waller|wordmaster,community-independent|waller-derived,2,kana/loanword,"cannot be helped,unavoidable",same-jmdict-entry,やむを得ない,やむをえない,N2,やむをえない|やむを得ない|已むを得ない|止むをえない|止むを得ない
軟らかい,やわらかい,N2,"{""N2"": 2}","{""community-independent"": ""N2"", ""waller-derived"": ""N2""}",openjlpt|waller|wordmaster,community-independent|waller-derived,2,lexical,soft; tender; limp,same-jmdict-entry,柔らかい,やわらかい,N3,やわらかい|柔かい|柔らかい|軟らかい
夜,よ,N3,"{""N3"": 2}","{""community-independent"": ""N3"", ""waller-derived"": ""N3""}",openjlpt|waller|wordmaster,community-independent|waller-derived,2,lexical,evening; night,same-jmdict-entry,よる|夜,よる,N5,よ|よる|夜
欲深い,よくふかい,N1,"{""N1"": 2}","{""community-independent"": ""N1"", ""waller-derived"": ""N1""}",openjlpt|waller|wordmaster,community-independent|waller-derived,2,lexical,greedy,same-jmdict-entry,欲深い,よくぶかい,N1,よくふかい|よくぶかい|欲深い
慶ぶ,よろこぶ,N2,"{""N2"": 2}","{""community-independent"": ""N2"", ""waller-derived"": ""N2""}",waller|wordmaster,community-independent|waller-derived,2,lexical,"to be delighted, to be glad",same-jmdict-entry,喜ぶ,よろこぶ,N4,よろこぶ|喜ぶ|悦ぶ|慶ぶ|欣ぶ|歓ぶ
濫用,らんよう,N1,"{""N1"": 2}","{""community-independent"": ""N1"", ""waller-derived"": ""N1""}",openjlpt|waller|wordmaster,community-independent|waller-derived,2,lexical,abuse; misuse; misappropriation,same-jmdict-entry,乱用,らんよう,N1,らんよう|らん用|乱用|濫用
リポート,リポート,N4,"{""N2"": 1, ""N4"": 1}","{""community-independent"": ""N2"", ""waller-derived"": ""N4""}",waller|wordmaster,community-independent|waller-derived,2,kana/loanword,report,same-jmdict-entry,レポート,レポート,N3,リポート|レポート
