word,reading,consensus_level,level_votes,family_level_votes,reference_sources,reference_families,support_count,candidate_type,example_meaning
暖まる,あたたまる,N3,"{""N2"": 1, ""N3"": 1}","{""community-independent"": ""N3"", ""waller-derived"": ""N2""}",openjlpt|waller|wordmaster,community-independent|waller-derived,2,lexical,to warm up; to get warm
あぶる,あぶる,N2,"{""N2"": 2}","{""community-independent"": ""N2"", ""waller-derived"": ""N2""}",waller|wordmaster,community-independent|waller-derived,2,kana/loanword,to scorch
アワー,アワー,N1,"{""N1"": 2}","{""community-independent"": ""N1"", ""waller-derived"": ""N1""}",waller|wordmaster,community-independent|waller-derived,2,kana/loanword,hour
行き,いき,N3,"{""N3"": 2}","{""community-independent"": ""N3"", ""waller-derived"": ""N3""}",openjlpt|waller|wordmaster,community-independent|waller-derived,2,lexical,going
いけない,いけない,N3,"{""N3"": 2}","{""community-independent"": ""N3"", ""waller-derived"": ""N3""}",waller|wordmaster,community-independent|waller-derived,2,kana/loanword,"must not do,bad,wrong,not good"
いただきます,いただきます,N3,"{""N3"": 2}","{""community-independent"": ""N3"", ""waller-derived"": ""N3""}",waller|wordmaster,community-independent|waller-derived,2,fixed-expression/conjugated,expression of gratitude before meals
一斉,いっせい,N2,"{""N2"": 2}","{""community-independent"": ""N2"", ""waller-derived"": ""N2""}",openjlpt|waller|wordmaster,community-independent|waller-derived,2,lexical,simultaneous; all at once
いってまいります,いってまいります,N2,"{""N2"": 2}","{""community-independent"": ""N2"", ""waller-derived"": ""N2""}",waller|wordmaster,community-independent|waller-derived,2,fixed-expression/conjugated,"(Lit.) I'll go and come back, 'I'm going, see you later'"
いつのまにか,いつのまにか,N3,"{""N2"": 1, ""N3"": 1}","{""community-independent"": ""N3"", ""waller-derived"": ""N2""}",waller|wordmaster,community-independent|waller-derived,2,kana/loanword,"before one knows,unnoticed,unawares"
いらっしゃい,いらっしゃい,N3,"{""N3"": 2}","{""community-independent"": ""N3"", ""waller-derived"": ""N3""}",waller|wordmaster,community-independent|waller-derived,2,kana/loanword,welcome
魚,うお,N3,"{""N3"": 2}","{""community-independent"": ""N3"", ""waller-derived"": ""N3""}",openjlpt|waller|wordmaster,community-independent|waller-derived,2,lexical,fish
うなる,うなる,N3,"{""N3"": 2}","{""community-independent"": ""N3"", ""waller-derived"": ""N3""}",waller|wordmaster,community-independent|waller-derived,2,kana/loanword,"to groan,to moan"
産む,うむ,N3,"{""N1"": 1, ""N3"": 1}","{""community-independent"": ""N3"", ""waller-derived"": ""N1""}",openjlpt|waller|wordmaster,community-independent|waller-derived,2,lexical,to give birth; to deliver; to produce
売り出し,うりだし,N1,"{""N1"": 2}","{""community-independent"": ""N1"", ""waller-derived"": ""N1""}",openjlpt|waller|wordmaster,community-independent|waller-derived,2,lexical,(bargain) sale
うんと,うんと,N2,"{""N2"": 2}","{""community-independent"": ""N2"", ""waller-derived"": ""N2""}",waller|wordmaster,community-independent|waller-derived,2,kana/loanword,"a great deal,very much"
運輸,うんゆ,N1,"{""N1"": 2}","{""community-independent"": ""N1"", ""waller-derived"": ""N1""}",openjlpt|waller|wordmaster,community-independent|waller-derived,2,lexical,transportation
英和,えいわ,N2,"{""N2"": 2}","{""community-independent"": ""N2"", ""waller-derived"": ""N2""}",openjlpt|waller|wordmaster,community-independent|waller-derived,2,lexical,English-Japanese (e.g. dictionary)
演ずる,えんずる,N1,"{""N1"": 2}","{""community-independent"": ""N1"", ""waller-derived"": ""N1""}",openjlpt|waller|wordmaster,community-independent|waller-derived,2,lexical,to perform; to play
王女,おうじょ,N2,"{""N2"": 2}","{""community-independent"": ""N2"", ""waller-derived"": ""N2""}",openjlpt|waller|wordmaster,community-independent|waller-derived,2,lexical,princess
応ずる,おうずる,N2,"{""N2"": 2}","{""community-independent"": ""N2"", ""waller-derived"": ""N2""}",openjlpt|waller|wordmaster,community-independent|waller-derived,2,lexical,to answer; to respond; to meet
おかけください,おかけください,N2,"{""N2"": 2}","{""community-independent"": ""N2"", ""waller-derived"": ""N2""}",waller|wordmaster,community-independent|waller-derived,2,fixed-expression/conjugated,请坐
お先に,おさきに,N2,"{""N1"": 1, ""N2"": 1}","{""community-independent"": ""N2"", ""waller-derived"": ""N1""}",openjlpt|waller|wordmaster,community-independent|waller-derived,2,lexical,before; ahead; previously
治める,おさめる,N3,"{""N2"": 1, ""N3"": 1}","{""community-independent"": ""N3"", ""waller-derived"": ""N2""}",openjlpt|waller|wordmaster,community-independent|waller-derived,2,lexical,(1) to govern; to manage; (2) to subdue
お産,おさん,N1,"{""N1"": 2}","{""community-independent"": ""N1"", ""waller-derived"": ""N1""}",openjlpt|waller|wordmaster,community-independent|waller-derived,2,lexical,(giving) birth
お互い,おたがい,N3,"{""N3"": 2}","{""community-independent"": ""N3"", ""waller-derived"": ""N3""}",openjlpt|waller|wordmaster,community-independent|waller-derived,2,lexical,mutual; reciprocal; each other
おつり,おつり,N4,"{""N4"": 2}","{""community-independent"": ""N4"", ""waller-derived"": ""N4""}",waller|wordmaster,community-independent|waller-derived,2,kana/loanword,"change from purchase, balance"
お出掛け,おでかけ,N2,"{""N2"": 2}","{""community-independent"": ""N2"", ""waller-derived"": ""N2""}",waller|wordmaster,community-independent|waller-derived,2,lexical,outing
おまちどおさま,おまちどおさま,N2,"{""N2"": 2}","{""community-independent"": ""N2"", ""waller-derived"": ""N2""}",waller|wordmaster,community-independent|waller-derived,2,kana/loanword,Sorry to have kept you waiting
おまわりさん,おまわりさん,N5,"{""N5"": 2}","{""community-independent"": ""N5"", ""waller-derived"": ""N5""}",waller|wordmaster,community-independent|waller-derived,2,kana/loanword,friendly term for policeman
お宮,おみや,N1,"{""N1"": 2}","{""community-independent"": ""N1"", ""waller-derived"": ""N1""}",openjlpt|waller|wordmaster,community-independent|waller-derived,2,lexical,Shinto shrine
お目に掛かる,おめにかかる,N3,"{""N3"": 2}","{""community-independent"": ""N3"", ""waller-derived"": ""N3""}",waller|wordmaster,community-independent|waller-derived,2,lexical,拜见
思い掛けない,おもいがけない,N2,"{""N2"": 2}","{""community-independent"": ""N2"", ""waller-derived"": ""N2""}",openjlpt|waller|wordmaster,community-independent|waller-derived,2,lexical,unexpected; casual
思いっ切り,おもいっきり,N2,"{""N2"": 2}","{""community-independent"": ""N2"", ""waller-derived"": ""N2""}",waller|wordmaster,community-independent|waller-derived,2,lexical,狠狠地
お休み,おやすみ,N2,"{""N1"": 1, ""N2"": 1}","{""community-independent"": ""N2"", ""waller-derived"": ""N1""}",openjlpt|waller|wordmaster,community-independent|waller-derived,2,lexical,holiday; absence; rest
泳ぎ,およぎ,N3,"{""N3"": 2}","{""community-independent"": ""N3"", ""waller-derived"": ""N3""}",openjlpt|waller|wordmaster,community-independent|waller-derived,2,lexical,swimming
降ろす,おろす,N3,"{""N3"": 2}","{""community-independent"": ""N3"", ""waller-derived"": ""N3""}",openjlpt|waller|wordmaster,community-independent|waller-derived,2,lexical,to take down; to launch; to drop
街道,かいどう,N1,"{""N1"": 2}","{""community-independent"": ""N1"", ""waller-derived"": ""N1""}",openjlpt|waller|wordmaster,community-independent|waller-derived,2,lexical,highway
反る,かえる,N3,"{""N2"": 1, ""N3"": 1}","{""community-independent"": ""N3"", ""waller-derived"": ""N2""}",openjlpt|waller|wordmaster,community-independent|waller-derived,2,lexical,to warp; to be warped; to curve
顔付き,かおつき,N1,"{""N1"": 2}","{""community-independent"": ""N1"", ""waller-derived"": ""N1""}",openjlpt|waller|wordmaster,community-independent|waller-derived,2,lexical,(outward) looks; features; face
係わる,かかわる,N2,"{""N2"": 2}","{""community-independent"": ""N2"", ""waller-derived"": ""N2""}",openjlpt|waller|wordmaster,community-independent|waller-derived,2,lexical,to concern oneself in; to have to do with; to affect
書取,かきとり,N2,"{""N2"": 2}","{""community-independent"": ""N2"", ""waller-derived"": ""N2""}",openjlpt|waller|wordmaster,community-independent|waller-derived,2,lexical,dictation
化合,かごう,N1,"{""N1"": 2}","{""community-independent"": ""N1"", ""waller-derived"": ""N1""}",openjlpt|waller|wordmaster,community-independent|waller-derived,2,lexical,chemical combination
かしこまりました,かしこまりました,N2,"{""N2"": 2}","{""community-independent"": ""N2"", ""waller-derived"": ""N2""}",waller|wordmaster,community-independent|waller-derived,2,kana/loanword,certainly!
擦る,かする,N1,"{""N1"": 2}","{""community-independent"": ""N1"", ""waller-derived"": ""N1""}",openjlpt|waller|wordmaster,community-independent|waller-derived,2,lexical,to touch lightly; to take a percentage (from)
化繊,かせん,N1,"{""N1"": 2}","{""community-independent"": ""N1"", ""waller-derived"": ""N1""}",openjlpt|waller|wordmaster,community-independent|waller-derived,2,lexical,synthetic fibres
片寄る,かたよる,N2,"{""N2"": 2}","{""community-independent"": ""N2"", ""waller-derived"": ""N2""}",openjlpt|waller|wordmaster,community-independent|waller-derived,2,lexical,to be one-sided; to incline; to be partial
課程,かてい,N3,"{""N2"": 1, ""N3"": 1}","{""community-independent"": ""N3"", ""waller-derived"": ""N2""}",openjlpt|waller|wordmaster,community-independent|waller-derived,2,lexical,course; curriculum
かもしれない,かもしれない,N3,"{""N3"": 2}","{""community-independent"": ""N3"", ""waller-derived"": ""N3""}",waller|wordmaster,community-independent|waller-derived,2,kana/loanword,"may,might,perhaps,may be,possibly"
かるた,かるた,N2,"{""N2"": 2}","{""community-independent"": ""N2"", ""waller-derived"": ""N2""}",waller|wordmaster,community-independent|waller-derived,2,kana/loanword,(n) playing cards (pt: carta)
河,かわ,N5,"{""N3"": 1, ""N5"": 1}","{""community-independent"": ""N3"", ""waller-derived"": ""N5""}",openjlpt|waller|wordmaster,community-independent|waller-derived,2,lexical,river; stream
観衆,かんしゅう,N1,"{""N1"": 2}","{""community-independent"": ""N1"", ""waller-derived"": ""N1""}",openjlpt|waller|wordmaster,community-independent|waller-derived,2,lexical,spectators; onlookers; members of the audience
感ずる,かんずる,N2,"{""N2"": 2}","{""community-independent"": ""N2"", ""waller-derived"": ""N2""}",openjlpt|waller|wordmaster,community-independent|waller-derived,2,lexical,to feel; to sense
間接,かんせつ,N2,"{""N2"": 2}","{""community-independent"": ""N2"", ""waller-derived"": ""N2""}",openjlpt|waller|wordmaster,community-independent|waller-derived,2,lexical,indirection; indirectness
幹線,かんせん,N1,"{""N1"": 2}","{""community-independent"": ""N1"", ""waller-derived"": ""N1""}",openjlpt|waller|wordmaster,community-independent|waller-derived,2,lexical,main line; trunk line
カー,カー,N3,"{""N3"": 2}","{""community-independent"": ""N3"", ""waller-derived"": ""N3""}",waller|wordmaster,community-independent|waller-derived,2,kana/loanword,car
ガレージ,ガレージ,N1,"{""N1"": 2}","{""community-independent"": ""N1"", ""waller-derived"": ""N1""}",waller|wordmaster,community-independent|waller-derived,2,kana/loanword,garage (at house)
眼科,がんか,N1,"{""N1"": 2}","{""community-independent"": ""N1"", ""waller-derived"": ""N1""}",openjlpt|waller|wordmaster,community-independent|waller-derived,2,lexical,ophthalmology
眼球,がんきゅう,N1,"{""N1"": 2}","{""community-independent"": ""N1"", ""waller-derived"": ""N1""}",openjlpt|waller|wordmaster,community-independent|waller-derived,2,lexical,eyeball
季刊,きかん,N3,"{""N1"": 1, ""N3"": 1}","{""community-independent"": ""N3"", ""waller-derived"": ""N1""}",openjlpt|waller|wordmaster,community-independent|waller-derived,2,lexical,quarterly (e.g. magazine)
規準,きじゅん,N2,"{""N2"": 2}","{""community-independent"": ""N2"", ""waller-derived"": ""N2""}",openjlpt|waller|wordmaster,community-independent|waller-derived,2,lexical,standard; basis; criteria
汽船,きせん,N1,"{""N1"": 2}","{""community-independent"": ""N1"", ""waller-derived"": ""N1""}",openjlpt|waller|wordmaster,community-independent|waller-derived,2,lexical,steamship
気付く,きづく,N3,"{""N3"": 2}","{""community-independent"": ""N3"", ""waller-derived"": ""N3""}",openjlpt|waller|wordmaster,community-independent|waller-derived,2,lexical,to notice; to recognize; to become aware of
気風,きふう,N1,"{""N1"": 2}","{""community-independent"": ""N1"", ""waller-derived"": ""N1""}",openjlpt|waller|wordmaster,community-independent|waller-derived,2,lexical,character; traits; ethos
客観,きゃっかん,N1,"{""N1"": 2}","{""community-independent"": ""N1"", ""waller-derived"": ""N1""}",openjlpt|waller|wordmaster,community-independent|waller-derived,2,lexical,objective
休学,きゅうがく,N1,"{""N1"": 2}","{""community-independent"": ""N1"", ""waller-derived"": ""N1""}",openjlpt|waller|wordmaster,community-independent|waller-derived,2,lexical,temporary absence from school; suspension
休戦,きゅうせん,N1,"{""N1"": 2}","{""community-independent"": ""N1"", ""waller-derived"": ""N1""}",openjlpt|waller|wordmaster,community-independent|waller-derived,2,lexical,truce; armistice
旧知,きゅうち,N1,"{""N1"": 2}","{""community-independent"": ""N1"", ""waller-derived"": ""N1""}",openjlpt|waller|wordmaster,community-independent|waller-derived,2,lexical,old friend; old friendship
共学,きょうがく,N1,"{""N1"": 2}","{""community-independent"": ""N1"", ""waller-derived"": ""N1""}",openjlpt|waller|wordmaster,community-independent|waller-derived,2,lexical,coeducation
局,きょく,N3,"{""N3"": 2}","{""community-independent"": ""N3"", ""waller-derived"": ""N3""}",openjlpt|waller|wordmaster,community-independent|waller-derived,2,lexical,court lady; lady in waiting
局限,きょくげん,N1,"{""N1"": 2}","{""community-independent"": ""N1"", ""waller-derived"": ""N1""}",openjlpt|waller|wordmaster,community-independent|waller-derived,2,lexical,limit; localize
議事堂,ぎじどう,N1,"{""N1"": 2}","{""community-independent"": ""N1"", ""waller-derived"": ""N1""}",openjlpt|waller|wordmaster,community-independent|waller-derived,2,lexical,Diet building
訓,くん,N3,"{""N3"": 2}","{""community-independent"": ""N3"", ""waller-derived"": ""N3""}",openjlpt|waller|wordmaster,community-independent|waller-derived,2,lexical,native Japanese reading of a Chinese character
刑,けい,N3,"{""N1"": 1, ""N3"": 1}","{""community-independent"": ""N3"", ""waller-derived"": ""N1""}",openjlpt|waller|wordmaster,community-independent|waller-derived,2,lexical,penalty; sentence; punishment
形容詞,けいようし,N2,"{""N2"": 2}","{""community-independent"": ""N2"", ""waller-derived"": ""N2""}",openjlpt|waller|wordmaster,community-independent|waller-derived,2,lexical,true adjective
獣,けだもの,N1,"{""N1"": 2}","{""community-independent"": ""N1"", ""waller-derived"": ""N1""}",openjlpt|waller|wordmaster,community-independent|waller-derived,2,lexical,beast; brute
原書,げんしょ,N1,"{""N1"": 2}","{""community-independent"": ""N1"", ""waller-derived"": ""N1""}",openjlpt|waller|wordmaster,community-independent|waller-derived,2,lexical,original document
言論,げんろん,N1,"{""N1"": 2}","{""community-independent"": ""N1"", ""waller-derived"": ""N1""}",openjlpt|waller|wordmaster,community-independent|waller-derived,2,lexical,discussion
航海,こうかい,N3,"{""N1"": 1, ""N3"": 1}","{""community-independent"": ""N3"", ""waller-derived"": ""N1""}",openjlpt|waller|wordmaster,community-independent|waller-derived,2,lexical,sail; voyage
煌々と,こうこうと,N1,"{""N1"": 2}","{""community-independent"": ""N1"", ""waller-derived"": ""N1""}",openjlpt|wordmaster,community-independent|waller-derived,2,lexical,brilliantly; brightly
高尚,こうしょう,N1,"{""N1"": 2}","{""community-independent"": ""N1"", ""waller-derived"": ""N1""}",openjlpt|waller|wordmaster,community-independent|waller-derived,2,lexical,high; noble; refined
行進,こうしん,N1,"{""N1"": 2}","{""community-independent"": ""N1"", ""waller-derived"": ""N1""}",openjlpt|waller|wordmaster,community-independent|waller-derived,2,lexical,march; parade
公然,こうぜん,N1,"{""N1"": 2}","{""community-independent"": ""N1"", ""waller-derived"": ""N1""}",openjlpt|waller|wordmaster,community-independent|waller-derived,2,lexical,open (e.g. secret); public; official
抗争,こうそう,N1,"{""N1"": 2}","{""community-independent"": ""N1"", ""waller-derived"": ""N1""}",openjlpt|waller|wordmaster,community-independent|waller-derived,2,lexical,dispute; resistance
交替,こうたい,N2,"{""N2"": 2}","{""community-independent"": ""N2"", ""waller-derived"": ""N2""}",openjlpt|waller|wordmaster,community-independent|waller-derived,2,lexical,alternation; change; relief
後退,こうたい,N1,"{""N1"": 2}","{""community-independent"": ""N1"", ""waller-derived"": ""N1""}",openjlpt|waller|wordmaster,community-independent|waller-derived,2,lexical,retreat; backspace (BS)
耕地,こうち,N2,"{""N2"": 2}","{""community-independent"": ""N2"", ""waller-derived"": ""N2""}",openjlpt|waller|wordmaster,community-independent|waller-derived,2,lexical,arable land
購読,こうどく,N1,"{""N1"": 2}","{""community-independent"": ""N1"", ""waller-derived"": ""N1""}",openjlpt|waller|wordmaster,community-independent|waller-derived,2,lexical,subscription (e.g. magazine)
公用,こうよう,N1,"{""N1"": 2}","{""community-independent"": ""N1"", ""waller-derived"": ""N1""}",openjlpt|waller|wordmaster,community-independent|waller-derived,2,lexical,government business; public use; public expense
国防,こくぼう,N1,"{""N1"": 2}","{""community-independent"": ""N1"", ""waller-derived"": ""N1""}",openjlpt|waller|wordmaster,community-independent|waller-derived,2,lexical,national defence
こしらえる,こしらえる,N2,"{""N2"": 2}","{""community-independent"": ""N2"", ""waller-derived"": ""N2""}",waller|wordmaster,community-independent|waller-derived,2,kana/loanword,"to make,to manufacture"
故人,こじん,N3,"{""N1"": 1, ""N3"": 1}","{""community-independent"": ""N3"", ""waller-derived"": ""N1""}",openjlpt|waller|wordmaster,community-independent|waller-derived,2,lexical,the deceased; old friend
こちらこそ,こちらこそ,N2,"{""N2"": 2}","{""community-independent"": ""N2"", ""waller-derived"": ""N2""}",waller|wordmaster,community-independent|waller-derived,2,kana/loanword,it is I who should say so
こないだ,こないだ,N2,"{""N2"": 2}","{""community-independent"": ""N2"", ""waller-derived"": ""N2""}",waller|wordmaster,community-independent|waller-derived,2,kana/loanword,"the other day,lately,recently"
今日,こんにち,N3,"{""N3"": 2}","{""community-independent"": ""N3"", ""waller-derived"": ""N3""}",openjlpt|waller|wordmaster,community-independent|waller-derived,2,lexical,today; this day
合議,ごうぎ,N1,"{""N1"": 2}","{""community-independent"": ""N1"", ""waller-derived"": ""N1""}",openjlpt|waller|wordmaster,community-independent|waller-derived,2,lexical,consultation; conference
ご苦労様,ごくろうさま,N2,"{""N1"": 1, ""N2"": 1}","{""community-independent"": ""N2"", ""waller-derived"": ""N1""}",openjlpt|waller|wordmaster,community-independent|waller-derived,2,lexical,Thank you very much for your....
ごちそうさま,ごちそうさま,N2,"{""N2"": 2}","{""community-independent"": ""N2"", ""waller-derived"": ""N2""}",waller|wordmaster,community-independent|waller-derived,2,kana/loanword,feast
作,さく,N3,"{""N1"": 1, ""N3"": 1}","{""community-independent"": ""N3"", ""waller-derived"": ""N1""}",openjlpt|waller|wordmaster,community-independent|waller-derived,2,lexical,a work; a harvest
昨,さく,N3,"{""N3"": 2}","{""community-independent"": ""N3"", ""waller-derived"": ""N3""}",openjlpt|waller|wordmaster,community-independent|waller-derived,2,lexical,last (year); yesterday
射す,さす,N3,"{""N2"": 1, ""N3"": 1}","{""community-independent"": ""N3"", ""waller-derived"": ""N2""}",openjlpt|waller|wordmaster,community-independent|waller-derived,2,lexical,to shine; to strike
注す,さす,N3,"{""N2"": 1, ""N3"": 1}","{""community-independent"": ""N3"", ""waller-derived"": ""N2""}",openjlpt|waller|wordmaster,community-independent|waller-derived,2,lexical,to pour (drink); to serve (drinks)
さ来年,さらいねん,N5,"{""N5"": 2}","{""community-independent"": ""N5"", ""waller-derived"": ""N5""}",openjlpt|waller|wordmaster,community-independent|waller-derived,2,lexical,year after next
さわやか,さわやか,N2,"{""N2"": 2}","{""community-independent"": ""N2"", ""waller-derived"": ""N2""}",waller|wordmaster,community-independent|waller-derived,2,kana/loanword,"fresh,refreshing,invigorating"
産休,さんきゅう,N1,"{""N1"": 2}","{""community-independent"": ""N1"", ""waller-derived"": ""N1""}",openjlpt|waller|wordmaster,community-independent|waller-derived,2,lexical,maternity leave
サンキュー,サンキュー,N1,"{""N1"": 2}","{""community-independent"": ""N1"", ""waller-derived"": ""N1""}",waller|wordmaster,community-independent|waller-derived,2,kana/loanword,thank you
産後,さんご,N1,"{""N1"": 2}","{""community-independent"": ""N1"", ""waller-derived"": ""N1""}",openjlpt|waller|wordmaster,community-independent|waller-derived,2,lexical,postpartum; after childbirth
産婦人科,さんふじんか,N1,"{""N1"": 2}","{""community-independent"": ""N1"", ""waller-derived"": ""N1""}",openjlpt|waller|wordmaster,community-independent|waller-derived,2,lexical,maternity and gynecology department
財源,ざいげん,N1,"{""N1"": 2}","{""community-independent"": ""N1"", ""waller-derived"": ""N1""}",openjlpt|waller|wordmaster,community-independent|waller-derived,2,lexical,source of funds; resources; finances
雫,しずく,N1,"{""N1"": 2}","{""community-independent"": ""N1"", ""waller-derived"": ""N1""}",openjlpt|waller|wordmaster,community-independent|waller-derived,2,lexical,drop (of water)
子息,しそく,N1,"{""N1"": 2}","{""community-independent"": ""N1"", ""waller-derived"": ""N1""}",openjlpt|waller|wordmaster,community-independent|waller-derived,2,lexical,son
七,しち,N5,"{""N5"": 2}","{""community-independent"": ""N5"", ""waller-derived"": ""N5""}",openjlpt|waller|wordmaster,community-independent|waller-derived,2,lexical,seven
湿気,しっき,N2,"{""N2"": 2}","{""community-independent"": ""N2"", ""waller-derived"": ""N2""}",waller|wordmaster,community-independent|waller-derived,2,lexical,"moisture,humidity,dampness"
しっぽ,しっぽ,N2,"{""N2"": 2}","{""community-independent"": ""N2"", ""waller-derived"": ""N2""}",waller|wordmaster,community-independent|waller-derived,2,kana/loanword,tail (animal)
屎尿,しにょう,N1,"{""N1"": 2}","{""community-independent"": ""N1"", ""waller-derived"": ""N1""}",openjlpt|waller|wordmaster,community-independent|waller-derived,2,lexical,excreta; raw sewage; human waste
死亡,しぼう,N3,"{""N3"": 2}","{""community-independent"": ""N3"", ""waller-derived"": ""N3""}",openjlpt|waller|wordmaster,community-independent|waller-derived,2,lexical,death; mortality
しぼむ,しぼむ,N2,"{""N2"": 2}","{""community-independent"": ""N2"", ""waller-derived"": ""N2""}",waller|wordmaster,community-independent|waller-derived,2,kana/loanword,"to wither,to fade (away),to shrivel,to wilt"
しゃぶる,しゃぶる,N2,"{""N2"": 2}","{""community-independent"": ""N2"", ""waller-derived"": ""N2""}",waller|wordmaster,community-independent|waller-derived,2,kana/loanword,"to suck,to chew"
執着,しゅうじゃく,N1,"{""N1"": 2}","{""community-independent"": ""N1"", ""waller-derived"": ""N1""}",openjlpt|waller|wordmaster,community-independent|waller-derived,2,lexical,attachment; adhesion; tenacity
主体,しゅたい,N1,"{""N1"": 2}","{""community-independent"": ""N1"", ""waller-derived"": ""N1""}",openjlpt|waller|wordmaster,community-independent|waller-derived,2,lexical,subject; main constituent
守備,しゅび,N1,"{""N1"": 2}","{""community-independent"": ""N1"", ""waller-derived"": ""N1""}",openjlpt|waller|wordmaster,community-independent|waller-derived,2,lexical,defense
私有,しゆう,N1,"{""N1"": 2}","{""community-independent"": ""N1"", ""waller-derived"": ""N1""}",openjlpt|waller|wordmaster,community-independent|waller-derived,2,lexical,private ownership
小,しょう,N3,"{""N3"": 2}","{""community-independent"": ""N3"", ""waller-derived"": ""N3""}",waller|wordmaster,community-independent|waller-derived,2,lexical,小
生ずる,しょうずる,N2,"{""N2"": 2}","{""community-independent"": ""N2"", ""waller-derived"": ""N2""}",openjlpt|waller|wordmaster,community-independent|waller-derived,2,lexical,to cause; to arise; to be generated
庶務,しょむ,N1,"{""N1"": 2}","{""community-independent"": ""N1"", ""waller-derived"": ""N1""}",openjlpt|waller|wordmaster,community-independent|waller-derived,2,lexical,general affairs
使用人,しようにん,N1,"{""N1"": 2}","{""community-independent"": ""N1"", ""waller-derived"": ""N1""}",openjlpt|waller|wordmaster,community-independent|waller-derived,2,lexical,employee; servant
新婚,しんこん,N1,"{""N1"": 2}","{""community-independent"": ""N1"", ""waller-derived"": ""N1""}",openjlpt|waller|wordmaster,community-independent|waller-derived,2,lexical,newly-wed
信ずる,しんずる,N2,"{""N2"": 2}","{""community-independent"": ""N2"", ""waller-derived"": ""N2""}",openjlpt|waller|wordmaster,community-independent|waller-derived,2,lexical,to believe; to believe in; to place trust in
寝台,しんだい,N2,"{""N2"": 2}","{""community-independent"": ""N2"", ""waller-derived"": ""N2""}",openjlpt|waller|wordmaster,community-independent|waller-derived,2,lexical,bed; couch
進度,しんど,N1,"{""N1"": 2}","{""community-independent"": ""N1"", ""waller-derived"": ""N1""}",openjlpt|waller|wordmaster,community-independent|waller-derived,2,lexical,progress
信任,しんにん,N1,"{""N1"": 2}","{""community-independent"": ""N1"", ""waller-derived"": ""N1""}",openjlpt|waller|wordmaster,community-independent|waller-derived,2,lexical,trust; confidence; credence
針路,しんろ,N2,"{""N2"": 2}","{""community-independent"": ""N2"", ""waller-derived"": ""N2""}",openjlpt|waller|wordmaster,community-independent|waller-derived,2,lexical,course; direction; compass bearing
自首,じしゅ,N1,"{""N1"": 2}","{""community-independent"": ""N1"", ""waller-derived"": ""N1""}",openjlpt|waller|wordmaster,community-independent|waller-derived,2,lexical,surrender; give oneself up
辞職,じしょく,N1,"{""N1"": 2}","{""community-independent"": ""N1"", ""waller-derived"": ""N1""}",openjlpt|waller|wordmaster,community-independent|waller-derived,2,lexical,resignation
住,じゅう,N3,"{""N1"": 1, ""N3"": 1}","{""community-independent"": ""N3"", ""waller-derived"": ""N1""}",openjlpt|waller|wordmaster,community-independent|waller-derived,2,lexical,dwelling; living
十字路,じゅうじろ,N1,"{""N1"": 2}","{""community-independent"": ""N1"", ""waller-derived"": ""N1""}",openjlpt|waller|wordmaster,community-independent|waller-derived,2,lexical,crossroads
準急,じゅんきゅう,N1,"{""N1"": 2}","{""community-independent"": ""N1"", ""waller-derived"": ""N1""}",openjlpt|waller|wordmaster,community-independent|waller-derived,2,lexical,local express (train  slower than an express)
助教授,じょきょうじゅ,N2,"{""N2"": 2}","{""community-independent"": ""N2"", ""waller-derived"": ""N2""}",openjlpt|waller|wordmaster,community-independent|waller-derived,2,lexical,assistant professor
女史,じょし,N3,"{""N1"": 1, ""N3"": 1}","{""community-independent"": ""N3"", ""waller-derived"": ""N1""}",openjlpt|waller|wordmaster,community-independent|waller-derived,2,lexical,Ms.
水洗,すいせん,N3,"{""N1"": 1, ""N3"": 1}","{""community-independent"": ""N3"", ""waller-derived"": ""N1""}",openjlpt|waller|wordmaster,community-independent|waller-derived,2,lexical,flushing
水田,すいでん,N1,"{""N1"": 2}","{""community-independent"": ""N1"", ""waller-derived"": ""N1""}",openjlpt|waller|wordmaster,community-independent|waller-derived,2,lexical,(water-filled) paddy field
崇拝,すうはい,N1,"{""N1"": 2}","{""community-independent"": ""N1"", ""waller-derived"": ""N1""}",openjlpt|waller|wordmaster,community-independent|waller-derived,2,lexical,worship; adoration; admiration
すくなくとも,すくなくとも,N3,"{""N2"": 1, ""N3"": 1}","{""community-independent"": ""N3"", ""waller-derived"": ""N2""}",waller|wordmaster,community-independent|waller-derived,2,kana/loanword,at least
すぐに,すぐに,N5,"{""N5"": 2}","{""community-independent"": ""N5"", ""waller-derived"": ""N5""}",waller|wordmaster,community-independent|waller-derived,2,kana/loanword,Instantly
角,すみ,N3,"{""N3"": 2}","{""community-independent"": ""N3"", ""waller-derived"": ""N3""}",openjlpt|waller|wordmaster,community-independent|waller-derived,2,lexical,horn
清む,すむ,N3,"{""N2"": 1, ""N3"": 1}","{""community-independent"": ""N3"", ""waller-derived"": ""N2""}",waller|wordmaster,community-independent|waller-derived,2,lexical,清澈
ずうっと,ずうっと,N2,"{""N2"": 2}","{""community-independent"": ""N2"", ""waller-derived"": ""N2""}",waller|wordmaster,community-independent|waller-derived,2,kana/loanword,"all the time, all the way"
ずらっと,ずらっと,N1,"{""N1"": 2}","{""community-independent"": ""N1"", ""waller-derived"": ""N1""}",waller|wordmaster,community-independent|waller-derived,2,kana/loanword,"in a line, in a row"
生長,せいちょう,N3,"{""N2"": 1, ""N3"": 1}","{""community-independent"": ""N3"", ""waller-derived"": ""N2""}",openjlpt|waller|wordmaster,community-independent|waller-derived,2,lexical,growth; increment
製鉄,せいてつ,N1,"{""N1"": 2}","{""community-independent"": ""N1"", ""waller-derived"": ""N1""}",openjlpt|waller|wordmaster,community-independent|waller-derived,2,lexical,iron manufacture
伜,せがれ,N1,"{""N1"": 2}","{""community-independent"": ""N1"", ""waller-derived"": ""N1""}",openjlpt|waller|wordmaster,community-independent|waller-derived,2,lexical,son; my son
世辞,せじ,N1,"{""N1"": 2}","{""community-independent"": ""N1"", ""waller-derived"": ""N1""}",openjlpt|waller|wordmaster,community-independent|waller-derived,2,lexical,flattery; compliment
世論,せろん,N1,"{""N1"": 2}","{""community-independent"": ""N1"", ""waller-derived"": ""N1""}",openjlpt|waller|wordmaster,community-independent|waller-derived,2,lexical,public opinion
宣教,せんきょう,N1,"{""N1"": 2}","{""community-independent"": ""N1"", ""waller-derived"": ""N1""}",openjlpt|waller|wordmaster,community-independent|waller-derived,2,lexical,religious mission
戦災,せんさい,N1,"{""N1"": 2}","{""community-independent"": ""N1"", ""waller-derived"": ""N1""}",openjlpt|waller|wordmaster,community-independent|waller-derived,2,lexical,war damage
専制,せんせい,N2,"{""N2"": 2}","{""community-independent"": ""N2"", ""waller-derived"": ""N2""}",openjlpt|waller|wordmaster,community-independent|waller-derived,2,lexical,despotism; autocracy
船舶,せんぱく,N1,"{""N1"": 2}","{""community-independent"": ""N1"", ""waller-derived"": ""N1""}",openjlpt|waller|wordmaster,community-independent|waller-derived,2,lexical,ship
税,ぜい,N3,"{""N3"": 2}","{""community-independent"": ""N3"", ""waller-derived"": ""N3""}",waller|wordmaster,community-independent|waller-derived,2,lexical,tax
税務署,ぜいむしょ,N1,"{""N1"": 2}","{""community-independent"": ""N1"", ""waller-derived"": ""N1""}",openjlpt|waller|wordmaster,community-independent|waller-derived,2,lexical,tax office
ゼミ,ゼミ,N2,"{""N2"": 2}","{""community-independent"": ""N2"", ""waller-derived"": ""N2""}",waller|wordmaster,community-independent|waller-derived,2,kana/loanword,(n) seminar
膳,ぜん,N3,"{""N1"": 1, ""N3"": 1}","{""community-independent"": ""N3"", ""waller-derived"": ""N1""}",openjlpt|waller|wordmaster,community-independent|waller-derived,2,lexical,(small) table; tray; meal
全集,ぜんしゅう,N2,"{""N2"": 2}","{""community-independent"": ""N2"", ""waller-derived"": ""N2""}",openjlpt|waller|wordmaster,community-independent|waller-derived,2,lexical,complete works
そうっと,そうっと,N2,"{""N2"": 2}","{""community-independent"": ""N2"", ""waller-derived"": ""N2""}",waller|wordmaster,community-independent|waller-derived,2,kana/loanword,"softly, cautiously, gently"
卒直,そっちょく,N2,"{""N2"": 2}","{""community-independent"": ""N2"", ""waller-derived"": ""N2""}",openjlpt|waller|wordmaster,community-independent|waller-derived,2,lexical,frankness; candour; openheartedness
具える,そなえる,N3,"{""N2"": 1, ""N3"": 1}","{""community-independent"": ""N3"", ""waller-derived"": ""N2""}",openjlpt|waller|wordmaster,community-independent|waller-derived,2,lexical,to be furnished with
それと,それと,N3,"{""N3"": 2}","{""community-independent"": ""N3"", ""waller-derived"": ""N3""}",waller|wordmaster,community-independent|waller-derived,2,kana/loanword,还有
蔵相,ぞうしょう,N1,"{""N1"": 2}","{""community-independent"": ""N1"", ""waller-derived"": ""N1""}",openjlpt|waller|wordmaster,community-independent|waller-derived,2,lexical,Minister of Finance
草履,ぞうり,N2,"{""N2"": 2}","{""community-independent"": ""N2"", ""waller-derived"": ""N2""}",openjlpt|waller|wordmaster,community-independent|waller-derived,2,lexical,zoori (Japanese footwear); sandals
他,た,N3,"{""N3"": 2}","{""community-independent"": ""N3"", ""waller-derived"": ""N3""}",openjlpt|waller|wordmaster,community-independent|waller-derived,2,lexical,other (esp. places and things)
タイア,タイア,N2,"{""N2"": 2}","{""community-independent"": ""N2"", ""waller-derived"": ""N2""}",waller|wordmaster,community-independent|waller-derived,2,kana/loanword,"tire,tyre"
堪える,たえる,N1,"{""N1"": 2}","{""community-independent"": ""N1"", ""waller-derived"": ""N1""}",waller|wordmaster,community-independent|waller-derived,2,lexical,"to bear, to stand, to endure, to put up with, to support, to withstand, to resist, to brave, to be fit for, t"
宅,たく,N3,"{""N3"": 2}","{""community-independent"": ""N3"", ""waller-derived"": ""N3""}",openjlpt|waller|wordmaster,community-independent|waller-derived,2,lexical,house; home; husband
たびたび,たびたび,N3,"{""N3"": 2}","{""community-independent"": ""N3"", ""waller-derived"": ""N3""}",waller|wordmaster,community-independent|waller-derived,2,kana/loanword,"often,repeatedly,frequently"
溜息,ためいき,N2,"{""N2"": 2}","{""community-independent"": ""N2"", ""waller-derived"": ""N2""}",openjlpt|waller|wordmaster,community-independent|waller-derived,2,lexical,a sigh
大分,だいぶん,N2,"{""N2"": 2}","{""community-independent"": ""N2"", ""waller-derived"": ""N2""}",openjlpt|waller|wordmaster,community-independent|waller-derived,2,lexical,considerably; greatly; a lot
ダイヤグラム,ダイヤグラム,N2,"{""N2"": 2}","{""community-independent"": ""N2"", ""waller-derived"": ""N2""}",waller|wordmaster,community-independent|waller-derived,2,kana/loanword,diagram
近付ける,ちかづける,N2,"{""N2"": 2}","{""community-independent"": ""N2"", ""waller-derived"": ""N2""}",openjlpt|waller|wordmaster,community-independent|waller-derived,2,lexical,to bring near; to put close; to let come near
地点,ちてん,N2,"{""N2"": 2}","{""community-independent"": ""N2"", ""waller-derived"": ""N2""}",openjlpt|waller|wordmaster,community-independent|waller-derived,2,lexical,site; point on a map
抽象,ちゅうしょう,N2,"{""N2"": 2}","{""community-independent"": ""N2"", ""waller-derived"": ""N2""}",openjlpt|waller|wordmaster,community-independent|waller-derived,2,lexical,abstract
長短,ちょうたん,N2,"{""N2"": 2}","{""community-independent"": ""N2"", ""waller-derived"": ""N2""}",openjlpt|waller|wordmaster,community-independent|waller-derived,2,lexical,length; long and short; +-
塵紙,ちりがみ,N2,"{""N2"": 2}","{""community-independent"": ""N2"", ""waller-derived"": ""N2""}",openjlpt|waller|wordmaster,community-independent|waller-derived,2,lexical,tissue paper; toilet paper
塵取り,ちりとり,N1,"{""N1"": 2}","{""community-independent"": ""N1"", ""waller-derived"": ""N1""}",openjlpt|waller|wordmaster,community-independent|waller-derived,2,lexical,dustpan
沈没,ちんぼつ,N1,"{""N1"": 2}","{""community-independent"": ""N1"", ""waller-derived"": ""N1""}",openjlpt|waller|wordmaster,community-independent|waller-derived,2,lexical,sinking; foundering
通ずる,つうずる,N2,"{""N2"": 2}","{""community-independent"": ""N2"", ""waller-derived"": ""N2""}",waller|wordmaster,community-independent|waller-derived,2,lexical,"to lead, to run, to open"
造り,つくり,N1,"{""N1"": 2}","{""community-independent"": ""N1"", ""waller-derived"": ""N1""}",openjlpt|waller|wordmaster,community-independent|waller-derived,2,lexical,make up; structure; physique
手数,てかず,N1,"{""N1"": 2}","{""community-independent"": ""N1"", ""waller-derived"": ""N1""}",openjlpt|waller|wordmaster,community-independent|waller-derived,2,lexical,number of moves; trouble
手掛ける,てがける,N1,"{""N1"": 2}","{""community-independent"": ""N1"", ""waller-derived"": ""N1""}",openjlpt|waller|wordmaster,community-independent|waller-derived,2,lexical,to handle; to manage; to work with
適確,てきかく,N2,"{""N2"": 2}","{""community-independent"": ""N2"", ""waller-derived"": ""N2""}",openjlpt|waller|wordmaster,community-independent|waller-derived,2,lexical,precise; accurate
手拭い,てぬぐい,N2,"{""N2"": 2}","{""community-independent"": ""N2"", ""waller-derived"": ""N2""}",openjlpt|waller|wordmaster,community-independent|waller-derived,2,lexical,(hand) towel
天災,てんさい,N1,"{""N1"": 2}","{""community-independent"": ""N1"", ""waller-derived"": ""N1""}",openjlpt|waller|wordmaster,community-independent|waller-derived,2,lexical,natural calamity; disaster
転任,てんにん,N1,"{""N1"": 2}","{""community-independent"": ""N1"", ""waller-derived"": ""N1""}",openjlpt|waller|wordmaster,community-independent|waller-derived,2,lexical,change of post
出合い,であい,N3,"{""N2"": 1, ""N3"": 1}","{""community-independent"": ""N3"", ""waller-derived"": ""N2""}",openjlpt|waller|wordmaster,community-independent|waller-derived,2,lexical,an encounter
棟,とう,N3,"{""N1"": 1, ""N3"": 1}","{""community-independent"": ""N3"", ""waller-derived"": ""N1""}",openjlpt|waller|wordmaster,community-independent|waller-derived,2,lexical,place; section; building
灯油,とうゆ,N2,"{""N2"": 2}","{""community-independent"": ""N2"", ""waller-derived"": ""N2""}",openjlpt|waller|wordmaster,community-independent|waller-derived,2,lexical,lamp oil; kerosene
通り掛かる,とおりかかる,N2,"{""N2"": 2}","{""community-independent"": ""N2"", ""waller-derived"": ""N2""}",openjlpt|waller|wordmaster,community-independent|waller-derived,2,lexical,to happen to pass by
特派,とくは,N1,"{""N1"": 2}","{""community-independent"": ""N1"", ""waller-derived"": ""N1""}",openjlpt|waller|wordmaster,community-independent|waller-derived,2,lexical,send specially; special envoy
殿様,とのさま,N1,"{""N1"": 2}","{""community-independent"": ""N1"", ""waller-derived"": ""N1""}",openjlpt|waller|wordmaster,community-independent|waller-derived,2,lexical,feudal lord
共稼ぎ,ともかせぎ,N1,"{""N1"": 2}","{""community-independent"": ""N1"", ""waller-derived"": ""N1""}",openjlpt|waller|wordmaster,community-independent|waller-derived,2,lexical,working together; (husband and wife) earning a living together
取り替え,とりかえ,N1,"{""N1"": 2}","{""community-independent"": ""N1"", ""waller-derived"": ""N1""}",openjlpt|waller|wordmaster,community-independent|waller-derived,2,lexical,swap; exchange
どうぞよろしく,どうぞよろしく,N3,"{""N2"": 1, ""N3"": 1}","{""community-independent"": ""N3"", ""waller-derived"": ""N2""}",waller|wordmaster,community-independent|waller-derived,2,kana/loanword,pleased to meet you
中味,なかみ,N3,"{""N2"": 1, ""N3"": 1}","{""community-independent"": ""N3"", ""waller-derived"": ""N2""}",openjlpt|waller|wordmaster,community-independent|waller-derived,2,lexical,contents; interior; substance
なにしろ,なにしろ,N2,"{""N2"": 2}","{""community-independent"": ""N2"", ""waller-derived"": ""N2""}",waller|wordmaster,community-independent|waller-derived,2,kana/loanword,"at any rate,anyhow,anyway,in any case"
何々,なになに,N2,"{""N2"": 2}","{""community-independent"": ""N2"", ""waller-derived"": ""N2""}",openjlpt|waller|wordmaster,community-independent|waller-derived,2,lexical,such and such; What?
なにも,なにも,N3,"{""N3"": 2}","{""community-independent"": ""N3"", ""waller-derived"": ""N3""}",waller|wordmaster,community-independent|waller-derived,2,kana/loanword,nothing
なんとも,なんとも,N2,"{""N2"": 2}","{""community-independent"": ""N2"", ""waller-derived"": ""N2""}",waller|wordmaster,community-independent|waller-derived,2,kana/loanword,"nothing (with neg. verb),quite,not a bit"
南米,なんべい,N2,"{""N2"": 2}","{""community-independent"": ""N2"", ""waller-derived"": ""N2""}",openjlpt|waller|wordmaster,community-independent|waller-derived,2,lexical,South America
日本,にっぽん,N3,"{""N3"": 2}","{""community-independent"": ""N3"", ""waller-derived"": ""N3""}",openjlpt|waller|wordmaster,community-independent|waller-derived,2,lexical,Japan
ニュー,ニュー,N1,"{""N1"": 2}","{""community-independent"": ""N1"", ""waller-derived"": ""N1""}",waller|wordmaster,community-independent|waller-derived,2,kana/loanword,new
ネガ,ネガ,N1,"{""N1"": 2}","{""community-independent"": ""N1"", ""waller-derived"": ""N1""}",waller|wordmaster,community-independent|waller-derived,2,kana/loanword,(photographic) negative
寝間着,ねまき,N2,"{""N2"": 2}","{""community-independent"": ""N2"", ""waller-derived"": ""N2""}",openjlpt|waller|wordmaster,community-independent|waller-derived,2,lexical,sleep-wear; nightclothes; pyjamas
初めに,はじめに,N2,"{""N2"": 2}","{""community-independent"": ""N2"", ""waller-derived"": ""N2""}",waller|wordmaster,community-independent|waller-derived,2,lexical,"to begin with, first of all"
始めに,はじめに,N2,"{""N2"": 2}","{""community-independent"": ""N2"", ""waller-derived"": ""N2""}",openjlpt|waller|wordmaster,community-independent|waller-derived,2,lexical,to begin with; first of all
はじめまして,はじめまして,N2,"{""N2"": 2}","{""community-independent"": ""N2"", ""waller-derived"": ""N2""}",waller|wordmaster,community-independent|waller-derived,2,kana/loanword,"How do you do?,I am glad to meet you"
斜,はす,N2,"{""N2"": 2}","{""community-independent"": ""N2"", ""waller-derived"": ""N2""}",waller|wordmaster,community-independent|waller-derived,2,lexical,diagonal
話中,はなしちゅう,N2,"{""N2"": 2}","{""community-independent"": ""N2"", ""waller-derived"": ""N2""}",openjlpt|waller|wordmaster,community-independent|waller-derived,2,lexical,while talking; the line is busy
羽根,はね,N3,"{""N2"": 1, ""N3"": 1}","{""community-independent"": ""N3"", ""waller-derived"": ""N2""}",openjlpt|waller|wordmaster,community-independent|waller-derived,2,lexical,shuttlecock
腹立ち,はらだち,N1,"{""N1"": 2}","{""community-independent"": ""N1"", ""waller-derived"": ""N1""}",openjlpt|waller|wordmaster,community-independent|waller-derived,2,lexical,anger
原っぱ,はらっぱ,N1,"{""N1"": 2}","{""community-independent"": ""N1"", ""waller-derived"": ""N1""}",openjlpt|waller|wordmaster,community-independent|waller-derived,2,lexical,open field; empty lot; plain
張り紙,はりがみ,N1,"{""N1"": 2}","{""community-independent"": ""N1"", ""waller-derived"": ""N1""}",openjlpt|waller|wordmaster,community-independent|waller-derived,2,lexical,paper patch; paper backing; poster
判事,はんじ,N2,"{""N2"": 2}","{""community-independent"": ""N2"", ""waller-derived"": ""N2""}",openjlpt|waller|wordmaster,community-independent|waller-derived,2,lexical,judge; judiciary
倍率,ばいりつ,N1,"{""N1"": 2}","{""community-independent"": ""N1"", ""waller-derived"": ""N1""}",openjlpt|waller|wordmaster,community-independent|waller-derived,2,lexical,diameter; magnification
陽射,ひざし,N2,"{""N2"": 2}","{""community-independent"": ""N2"", ""waller-derived"": ""N2""}",openjlpt|waller|wordmaster,community-independent|waller-derived,2,lexical,sunlight; rays of the sun
引っ繰り返す,ひっくりかえす,N2,"{""N2"": 2}","{""community-independent"": ""N2"", ""waller-derived"": ""N2""}",openjlpt|waller|wordmaster,community-independent|waller-derived,2,lexical,to turn over; to overturn; to knock over
一月,ひとつき,N5,"{""N5"": 2}","{""community-independent"": ""N5"", ""waller-derived"": ""N5""}",openjlpt|waller|wordmaster,community-independent|waller-derived,2,lexical,one month
日日,ひにち,N2,"{""N2"": 2}","{""community-independent"": ""N2"", ""waller-derived"": ""N2""}",openjlpt|waller|wordmaster,community-independent|waller-derived,2,lexical,every day; daily; day after day
日の入り,ひのいり,N2,"{""N2"": 2}","{""community-independent"": ""N2"", ""waller-derived"": ""N2""}",openjlpt|waller|wordmaster,community-independent|waller-derived,2,lexical,sunset
火花,ひばな,N1,"{""N1"": 2}","{""community-independent"": ""N1"", ""waller-derived"": ""N1""}",openjlpt|waller|wordmaster,community-independent|waller-derived,2,lexical,spark
ひゃっかじてん,ひゃっかじてん,N2,"{""N2"": 2}","{""community-independent"": ""N2"", ""waller-derived"": ""N2""}",waller|wordmaster,community-independent|waller-derived,2,kana/loanword,encyclopedia
ビルディング,ビルディング,N2,"{""N2"": 2}","{""community-independent"": ""N2"", ""waller-derived"": ""N2""}",waller|wordmaster,community-independent|waller-derived,2,kana/loanword,building
不,ふ,N3,"{""N3"": 2}","{""community-independent"": ""N3"", ""waller-derived"": ""N3""}",openjlpt|waller|wordmaster,community-independent|waller-derived,2,lexical,un; non; negative prefix
副詞,ふくし,N2,"{""N2"": 2}","{""community-independent"": ""N2"", ""waller-derived"": ""N2""}",openjlpt|waller|wordmaster,community-independent|waller-derived,2,lexical,adverb
符号,ふごう,N2,"{""N2"": 2}","{""community-independent"": ""N2"", ""waller-derived"": ""N2""}",openjlpt|waller|wordmaster,community-independent|waller-derived,2,lexical,sign; mark; symbol
不振,ふしん,N1,"{""N1"": 2}","{""community-independent"": ""N1"", ""waller-derived"": ""N1""}",openjlpt|waller|wordmaster,community-independent|waller-derived,2,lexical,dullness; depression; slump
襖,ふすま,N2,"{""N2"": 2}","{""community-independent"": ""N2"", ""waller-derived"": ""N2""}",openjlpt|waller|wordmaster,community-independent|waller-derived,2,lexical,sliding screen
附属,ふぞく,N2,"{""N2"": 2}","{""community-independent"": ""N2"", ""waller-derived"": ""N2""}",openjlpt|waller|wordmaster,community-independent|waller-derived,2,lexical,attached; belonging; affiliated
不通,ふつう,N3,"{""N2"": 1, ""N3"": 1}","{""community-independent"": ""N3"", ""waller-derived"": ""N2""}",openjlpt|waller|wordmaster,community-independent|waller-derived,2,lexical,suspension; interruption; stoppage
舟,ふね,N4,"{""N4"": 2}","{""community-independent"": ""N4"", ""waller-derived"": ""N4""}",openjlpt|waller|wordmaster,community-independent|waller-derived,2,lexical,ship
殖やす,ふやす,N3,"{""N2"": 1, ""N3"": 1}","{""community-independent"": ""N3"", ""waller-derived"": ""N2""}",openjlpt|waller|wordmaster,community-independent|waller-derived,2,lexical,to increase; to add to; to augment
付録,ふろく,N1,"{""N1"": 2}","{""community-independent"": ""N1"", ""waller-derived"": ""N1""}",openjlpt|waller|wordmaster,community-independent|waller-derived,2,lexical,appendix; supplement
噴出,ふんしゅつ,N1,"{""N1"": 2}","{""community-independent"": ""N1"", ""waller-derived"": ""N1""}",openjlpt|waller|wordmaster,community-independent|waller-derived,2,lexical,spewing; gushing; spouting
無沙汰,ぶさた,N2,"{""N2"": 2}","{""community-independent"": ""N2"", ""waller-derived"": ""N2""}",openjlpt|waller|wordmaster,community-independent|waller-derived,2,lexical,neglecting to stay in contact
ぶらさげる,ぶらさげる,N2,"{""N2"": 2}","{""community-independent"": ""N2"", ""waller-derived"": ""N2""}",waller|wordmaster,community-independent|waller-derived,2,kana/loanword,"to hang,to suspend,to dangle,to swing"
分母,ぶんぼ,N1,"{""N1"": 2}","{""community-independent"": ""N1"", ""waller-derived"": ""N1""}",openjlpt|waller|wordmaster,community-independent|waller-derived,2,lexical,denominator
分離,ぶんり,N1,"{""N1"": 2}","{""community-independent"": ""N1"", ""waller-derived"": ""N1""}",openjlpt|waller|wordmaster,community-independent|waller-derived,2,lexical,separation; detachment; segregation
平方,へいほう,N1,"{""N1"": 2}","{""community-independent"": ""N1"", ""waller-derived"": ""N1""}",openjlpt|waller|wordmaster,community-independent|waller-derived,2,lexical,square (e.g. metre); square
穂,ほ,N1,"{""N1"": 2}","{""community-independent"": ""N1"", ""waller-derived"": ""N1""}",openjlpt|waller|wordmaster,community-independent|waller-derived,2,lexical,ear (of plant); head (of plant)
放射能,ほうしゃのう,N1,"{""N1"": 2}","{""community-independent"": ""N1"", ""waller-derived"": ""N1""}",openjlpt|waller|wordmaster,community-independent|waller-derived,2,lexical,radioactivity
保健,ほけん,N2,"{""N2"": 2}","{""community-independent"": ""N2"", ""waller-derived"": ""N2""}",openjlpt|waller|wordmaster,community-independent|waller-derived,2,lexical,health preservation; hygiene; sanitation
頬,ほほ,N3,"{""N3"": 2}","{""community-independent"": ""N3"", ""waller-derived"": ""N3""}",openjlpt|waller|wordmaster,community-independent|waller-derived,2,lexical,cheek (of face)
濠,ほり,N3,"{""N3"": 2}","{""community-independent"": ""N3"", ""waller-derived"": ""N3""}",openjlpt|waller|wordmaster,community-independent|waller-derived,2,lexical,moat
本当,ほんと,N3,"{""N3"": 2}","{""community-independent"": ""N3"", ""waller-derived"": ""N3""}",openjlpt|waller|wordmaster,community-independent|waller-derived,2,lexical,truth; reality
防火,ぼうか,N1,"{""N1"": 2}","{""community-independent"": ""N1"", ""waller-derived"": ""N1""}",openjlpt|waller|wordmaster,community-independent|waller-derived,2,lexical,fire prevention; fire fighting; fire proof
母校,ぼこう,N1,"{""N1"": 2}","{""community-independent"": ""N1"", ""waller-derived"": ""N1""}",openjlpt|waller|wordmaster,community-independent|waller-derived,2,lexical,alma mater
ぼろ,ぼろ,N2,"{""N2"": 2}","{""community-independent"": ""N2"", ""waller-derived"": ""N2""}",waller|wordmaster,community-independent|waller-derived,2,kana/loanword,"rag,scrap,tattered clothes,fault (esp. in a pretense)"
交ざる,まざる,N3,"{""N2"": 1, ""N3"": 1}","{""community-independent"": ""N3"", ""waller-derived"": ""N2""}",openjlpt|waller|wordmaster,community-independent|waller-derived,2,lexical,to be mixed; to be blended with; to associate with
交じる,まじる,N3,"{""N2"": 1, ""N3"": 1}","{""community-independent"": ""N3"", ""waller-derived"": ""N2""}",openjlpt|waller|wordmaster,community-independent|waller-derived,2,lexical,to be mixed; to be blended with; to associate with
交ぜる,まぜる,N3,"{""N2"": 1, ""N3"": 1}","{""community-independent"": ""N3"", ""waller-derived"": ""N2""}",openjlpt|waller|wordmaster,community-independent|waller-derived,2,lexical,to be mixed; to be blended with
またぐ,またぐ,N2,"{""N2"": 2}","{""community-independent"": ""N2"", ""waller-derived"": ""N2""}",waller|wordmaster,community-independent|waller-derived,2,kana/loanword,to straddle
まぶた,まぶた,N2,"{""N2"": 2}","{""community-independent"": ""N2"", ""waller-derived"": ""N2""}",waller|wordmaster,community-independent|waller-derived,2,kana/loanword,eyelids
真ん前,まんまえ,N1,"{""N1"": 2}","{""community-independent"": ""N1"", ""waller-derived"": ""N1""}",openjlpt|waller|wordmaster,community-independent|waller-derived,2,lexical,right in front; under the nose
みじめ,みじめ,N2,"{""N2"": 2}","{""community-independent"": ""N2"", ""waller-derived"": ""N2""}",waller|wordmaster,community-independent|waller-derived,2,kana/loanword,"(arch) sad,pitiful,wretched"
微塵,みじん,N1,"{""N1"": 2}","{""community-independent"": ""N1"", ""waller-derived"": ""N1""}",openjlpt|waller|wordmaster,community-independent|waller-derived,2,lexical,particle; atom
見せ物,みせもの,N1,"{""N1"": 2}","{""community-independent"": ""N1"", ""waller-derived"": ""N1""}",openjlpt|waller|wordmaster,community-independent|waller-derived,2,lexical,show; exhibition
店屋,みせや,N2,"{""N2"": 2}","{""community-independent"": ""N2"", ""waller-derived"": ""N2""}",openjlpt|waller|wordmaster,community-independent|waller-derived,2,lexical,store; shop
民俗,みんぞく,N1,"{""N1"": 2}","{""community-independent"": ""N1"", ""waller-derived"": ""N1""}",openjlpt|waller|wordmaster,community-independent|waller-derived,2,lexical,people; race; nation
婿,むこ,N1,"{""N1"": 2}","{""community-independent"": ""N1"", ""waller-derived"": ""N1""}",openjlpt|waller|wordmaster,community-independent|waller-derived,2,lexical,son-in-law
無闇に,むやみに,N1,"{""N1"": 2}","{""community-independent"": ""N1"", ""waller-derived"": ""N1""}",openjlpt|waller|wordmaster,community-independent|waller-derived,2,lexical,unreasonably; absurdly; recklessly
命ずる,めいずる,N2,"{""N2"": 2}","{""community-independent"": ""N2"", ""waller-derived"": ""N2""}",openjlpt|waller|wordmaster,community-independent|waller-derived,2,lexical,to command; to appoint
目付き,めつき,N1,"{""N1"": 2}","{""community-independent"": ""N1"", ""waller-derived"": ""N1""}",openjlpt|waller|wordmaster,community-independent|waller-derived,2,lexical,look; expression of the eyes; eyes
めまい,めまい,N2,"{""N2"": 2}","{""community-independent"": ""N2"", ""waller-derived"": ""N2""}",waller|wordmaster,community-independent|waller-derived,2,kana/loanword,"dizziness,giddiness"
面目,めんぼく,N1,"{""N1"": 2}","{""community-independent"": ""N1"", ""waller-derived"": ""N1""}",openjlpt|waller|wordmaster,community-independent|waller-derived,2,lexical,face; honour; reputation
基,もと,N3,"{""N3"": 2}","{""community-independent"": ""N3"", ""waller-derived"": ""N3""}",openjlpt|waller|wordmaster,community-independent|waller-derived,2,lexical,basis
素,もと,N3,"{""N3"": 2}","{""community-independent"": ""N3"", ""waller-derived"": ""N3""}",openjlpt|waller|wordmaster,community-independent|waller-derived,2,lexical,prime
夜行,やこう,N2,"{""N2"": 2}","{""community-independent"": ""N2"", ""waller-derived"": ""N2""}",openjlpt|waller|wordmaster,community-independent|waller-derived,2,lexical,walking around at night; night train; night travel
家主,やぬし,N2,"{""N2"": 2}","{""community-independent"": ""N2"", ""waller-derived"": ""N2""}",openjlpt|waller|wordmaster,community-independent|waller-derived,2,lexical,landlord
やむをえない,やむをえない,N2,"{""N2"": 2}","{""community-independent"": ""N2"", ""waller-derived"": ""N2""}",waller|wordmaster,community-independent|waller-derived,2,kana/loanword,"cannot be helped,unavoidable"
軟らかい,やわらかい,N2,"{""N2"": 2}","{""community-independent"": ""N2"", ""waller-derived"": ""N2""}",openjlpt|waller|wordmaster,community-independent|waller-derived,2,lexical,soft; tender; limp
有機,ゆうき,N3,"{""N1"": 1, ""N3"": 1}","{""community-independent"": ""N3"", ""waller-derived"": ""N1""}",openjlpt|waller|wordmaster,community-independent|waller-derived,2,lexical,organic
弓,ゆみ,N1,"{""N1"": 2}","{""community-independent"": ""N1"", ""waller-derived"": ""N1""}",openjlpt|waller|wordmaster,community-independent|waller-derived,2,lexical,bow (and arrow)
夜,よ,N3,"{""N3"": 2}","{""community-independent"": ""N3"", ""waller-derived"": ""N3""}",openjlpt|waller|wordmaster,community-independent|waller-derived,2,lexical,evening; night
幼稚,ようち,N2,"{""N2"": 2}","{""community-independent"": ""N2"", ""waller-derived"": ""N2""}",openjlpt|waller|wordmaster,community-independent|waller-derived,2,lexical,infancy; childish; infantile
洋品店,ようひんてん,N2,"{""N2"": 2}","{""community-independent"": ""N2"", ""waller-derived"": ""N2""}",openjlpt|waller|wordmaster,community-independent|waller-derived,2,lexical,shop which handles Western-style apparel and accessories
羊毛,ようもう,N2,"{""N2"": 2}","{""community-independent"": ""N2"", ""waller-derived"": ""N2""}",openjlpt|waller|wordmaster,community-independent|waller-derived,2,lexical,wool
欲深い,よくふかい,N1,"{""N1"": 2}","{""community-independent"": ""N1"", ""waller-derived"": ""N1""}",openjlpt|waller|wordmaster,community-independent|waller-derived,2,lexical,greedy
酔っ払い,よっぱらい,N2,"{""N2"": 2}","{""community-independent"": ""N2"", ""waller-derived"": ""N2""}",openjlpt|waller|wordmaster,community-independent|waller-derived,2,lexical,drunkard
慶ぶ,よろこぶ,N2,"{""N2"": 2}","{""community-independent"": ""N2"", ""waller-derived"": ""N2""}",waller|wordmaster,community-independent|waller-derived,2,lexical,"to be delighted, to be glad"
濫用,らんよう,N1,"{""N1"": 2}","{""community-independent"": ""N1"", ""waller-derived"": ""N1""}",openjlpt|waller|wordmaster,community-independent|waller-derived,2,lexical,abuse; misuse; misappropriation
リポート,リポート,N4,"{""N2"": 1, ""N4"": 1}","{""community-independent"": ""N2"", ""waller-derived"": ""N4""}",waller|wordmaster,community-independent|waller-derived,2,kana/loanword,report
論議,ろんぎ,N1,"{""N1"": 2}","{""community-independent"": ""N1"", ""waller-derived"": ""N1""}",openjlpt|waller|wordmaster,community-independent|waller-derived,2,lexical,discussion
論ずる,ろんずる,N2,"{""N2"": 2}","{""community-independent"": ""N2"", ""waller-derived"": ""N2""}",openjlpt|waller|wordmaster,community-independent|waller-derived,2,lexical,to argue; to discuss; to debate
和英,わえい,N2,"{""N2"": 2}","{""community-independent"": ""N2"", ""waller-derived"": ""N2""}",openjlpt|waller|wordmaster,community-independent|waller-derived,2,lexical,Japanese-English
和文,わぶん,N1,"{""N1"": 2}","{""community-independent"": ""N1"", ""waller-derived"": ""N1""}",openjlpt|waller|wordmaster,community-independent|waller-derived,2,lexical,Japanese text; sentence in Japanese
割合に,わりあいに,N2,"{""N1"": 1, ""N2"": 1}","{""community-independent"": ""N2"", ""waller-derived"": ""N1""}",openjlpt|waller|wordmaster,community-independent|waller-derived,2,lexical,comparatively
