word,reading,consensus_level,level_votes,family_level_votes,reference_sources,reference_families,support_count,current_forms,current_readings,current_levels,current_sources,match_type
嗚呼,ああ,N1,"{""N1"": 1}","{""waller-derived"": ""N1""}",openjlpt|waller,waller-derived,1,ああ,ああ,N5,runtime-core,kana-spelling-weak
愛憎,あいにく,N1,"{""N1"": 1}","{""waller-derived"": ""N1""}",openjlpt,waller-derived,1,あいにく,あいにく,N2,runtime-core,kana-spelling-weak
敢えて,あえて,N1,"{""N1"": 2}","{""community-independent"": ""N1"", ""waller-derived"": ""N1""}",openjlpt|waller|wordmaster,community-independent|waller-derived,2,あえて,あえて,N2,runtime-core,kana-spelling-weak
明白,あからさま,N1,"{""N1"": 1}","{""waller-derived"": ""N1""}",openjlpt|waller,waller-derived,1,あからさま,あからさま,N1,runtime-core,kana-spelling-weak
明い,あかるい,N5,"{""N5"": 1}","{""waller-derived"": ""N5""}",openjlpt|waller,waller-derived,1,明るい,あかるい,N5,runtime-core,okurigana/orthography
上る,あがる,N4,"{""N4"": 1}","{""waller-derived"": ""N4""}",openjlpt|waller,waller-derived,1,上がる,あがる,N5,runtime-core,okurigana/orthography
空間,あきま,N1,"{""N1"": 1}","{""waller-derived"": ""N1""}",openjlpt|waller,waller-derived,1,空き間,あきま,N1,advanced-bundle,okurigana/orthography
悪日,あくび,N1,"{""N1"": 1}","{""waller-derived"": ""N1""}",openjlpt|waller,waller-derived,1,あくび,あくび,N3,runtime-core,kana-spelling-weak
飽くまで,あくまで,N2,"{""N2"": 2}","{""community-independent"": ""N2"", ""waller-derived"": ""N2""}",openjlpt|waller|wordmaster,community-independent|waller-derived,2,あくまで,あくまで,N2,runtime-core,kana-spelling-weak
朝御飯,あさごはん,N5,"{""N5"": 2}","{""community-independent"": ""N5"", ""waller-derived"": ""N5""}",openjlpt|waller|wordmaster,community-independent|waller-derived,2,朝ご飯,あさごはん,N5,runtime-core,okurigana/orthography
彼処,あそこ,N1,"{""N1"": 1}","{""waller-derived"": ""N1""}",openjlpt|waller,waller-derived,1,あそこ,あそこ,N5,runtime-core,kana-spelling-weak
当り,あたり,N3,"{""N3"": 1}","{""community-independent"": ""N3""}",wordmaster,community-independent,1,当たり,あたり,N3,runtime-core,okurigana/orthography
彼方此方,あちこち,N1,"{""N1"": 1}","{""waller-derived"": ""N1""}",openjlpt|waller,waller-derived,1,あちこち,あちこち,N3,runtime-core,kana-spelling-weak
彼方,あちら,N1,"{""N1"": 1}","{""waller-derived"": ""N1""}",openjlpt|waller,waller-derived,1,あちら,あちら,N5,runtime-core,kana-spelling-weak
彼方此方,あちらこちら,N1,"{""N1"": 1}","{""waller-derived"": ""N1""}",waller,waller-derived,1,あちらこちら,あちらこちら,N3,runtime-core,kana-spelling-weak
集る,あつまる,N4,"{""N4"": 1}","{""waller-derived"": ""N4""}",openjlpt|waller,waller-derived,1,集まる,あつまる,N4,runtime-core,okurigana/orthography
貴女,あなた,N1,"{""N1"": 1}","{""waller-derived"": ""N1""}",openjlpt|waller,waller-derived,1,あなた,あなた,N5,runtime-core,kana-spelling-weak
彼の,あの,N1,"{""N1"": 1}","{""waller-derived"": ""N1""}",openjlpt|waller,waller-derived,1,あの,あの,N5,runtime-core,kana-spelling-weak
編物,あみもの,N2,"{""N2"": 1}","{""waller-derived"": ""N2""}",openjlpt|waller,waller-derived,1,編み物,あみもの,N1,runtime-core,okurigana/orthography
凡ゆる,あらゆる,N1,"{""N1"": 1}","{""waller-derived"": ""N1""}",openjlpt|waller,waller-derived,1,あらゆる,あらゆる,N3,runtime-core,kana-spelling-weak
現われ,あらわれ,N1,"{""N1"": 1}","{""waller-derived"": ""N1""}",openjlpt|waller,waller-derived,1,現れ,あらわれ,N3,runtime-core,okurigana/orthography
現われる,あらわれる,N1,"{""N1"": 1}","{""waller-derived"": ""N1""}",openjlpt|waller,waller-derived,1,現れる,あらわれる,N3,runtime-core,okurigana/orthography
有り様,ありさま,N1,"{""N1"": 1}","{""community-independent"": ""N1""}",wordmaster,community-independent,1,有様,ありさま,N1,advanced-bundle,okurigana/orthography
有りのまま,ありのまま,N1,"{""N1"": 1}","{""waller-derived"": ""N1""}",openjlpt|waller,waller-derived,1,ありのまま,ありのまま,N2,runtime-core,kana-spelling-weak
在る,ある,N5,"{""N2"": 1, ""N5"": 1}","{""community-independent"": ""N5"", ""waller-derived"": ""N2""}",openjlpt|waller|wordmaster,community-independent|waller-derived,2,ある,ある,N5,runtime-core,kana-spelling-weak
在る; 有る,ある,N3,"{""N3"": 1}","{""community-independent"": ""N3""}",wordmaster,community-independent,1,ある,ある,N5,runtime-core,kana-spelling-weak
亜爾加里,アルカリ,N1,"{""N1"": 1}","{""waller-derived"": ""N1""}",waller,waller-derived,1,アルカリ,アルカリ,N1,advanced-bundle,kana-spelling-weak
彼此,あれこれ,N1,"{""N1"": 1}","{""waller-derived"": ""N1""}",openjlpt|waller,waller-derived,1,あれこれ,あれこれ,N3,runtime-core,kana-spelling-weak
案内,あんないする,N4,"{""N4"": 2}","{""community-independent"": ""N4"", ""waller-derived"": ""N4""}",openjlpt|wordmaster,community-independent|waller-derived,2,案内,あんない,N4,runtime-core,suru-reading-alias
余り,あんまり,N1,"{""N1"": 1}","{""waller-derived"": ""N1""}",openjlpt|waller,waller-derived,1,あんまり,あんまり,N3,runtime-core,kana-spelling-weak
伊井,いい,N1,"{""N1"": 1}","{""waller-derived"": ""N1""}",openjlpt,waller-derived,1,いい,いい,N5,runtime-core,kana-spelling-weak
良い,いい,N1,"{""N1"": 1}","{""waller-derived"": ""N1""}",openjlpt,waller-derived,1,いい,いい,N5,runtime-core,kana-spelling-weak
否,いいえ,N1,"{""N1"": 1}","{""waller-derived"": ""N1""}",openjlpt,waller-derived,1,いいえ,いいえ,N5,runtime-core,kana-spelling-weak
イェス,イェス,N1,"{""N1"": 1}","{""community-independent"": ""N1""}",wordmaster,community-independent,1,イエス,イエス,N1,advanced-bundle,kana/long-mark
行き成り,いきなり,N1,"{""N1"": 1}","{""waller-derived"": ""N1""}",openjlpt|waller,waller-derived,1,いきなり,いきなり,N2,runtime-core,kana-spelling-weak
何時,いつ,N5,"{""N5"": 1}","{""waller-derived"": ""N5""}",openjlpt|waller,waller-derived,1,いつ,いつ,N5,runtime-core,kana-spelling-weak
厭々,いやいや,N1,"{""N1"": 1}","{""waller-derived"": ""N1""}",openjlpt|waller,waller-derived,1,いやいや,いやいや,N2,runtime-core,kana-spelling-weak
愈々,いよいよ,N1,"{""N1"": 1}","{""waller-derived"": ""N1""}",openjlpt|waller,waller-derived,1,いよいよ,いよいよ,N2,runtime-core,kana-spelling-weak
入口,いりぐち,N5,"{""N5"": 2}","{""community-independent"": ""N5"", ""waller-derived"": ""N5""}",openjlpt|waller|wordmaster,community-independent|waller-derived,2,入り口,いりぐち,N4,runtime-core,okurigana/orthography
居る,いる,N5,"{""N5"": 2}","{""community-independent"": ""N5"", ""waller-derived"": ""N5""}",openjlpt|waller|wordmaster,community-independent|waller-derived,2,いる,いる,N5,runtime-core,kana-spelling-weak
煎る,いる,N2,"{""N2"": 2}","{""community-independent"": ""N2"", ""waller-derived"": ""N2""}",openjlpt|waller|wordmaster,community-independent|waller-derived,2,いる,いる,N5,runtime-core,kana-spelling-weak
ウエートレス,ウエートレス,N2,"{""N2"": 2}","{""community-independent"": ""N2"", ""waller-derived"": ""N2""}",waller|wordmaster,community-independent|waller-derived,2,ウェートレス,ウェートレス,N1,advanced-bundle,kana/long-mark
浮ぶ,うかぶ,N2,"{""N2"": 2}","{""community-independent"": ""N2"", ""waller-derived"": ""N2""}",openjlpt|waller|wordmaster,community-independent|waller-derived,2,浮かぶ,うかぶ,N2,runtime-core,okurigana/orthography
含嗽,うがい,N1,"{""N1"": 1}","{""waller-derived"": ""N1""}",openjlpt|waller,waller-derived,1,うがい,うがい,N3,runtime-core,kana-spelling-weak
受取,うけとり,N2,"{""N2"": 2}","{""community-independent"": ""N2"", ""waller-derived"": ""N2""}",openjlpt|waller|wordmaster,community-independent|waller-derived,2,受け取り,うけとり,N3,runtime-core,okurigana/orthography
受持ち,うけもち,N1,"{""N1"": 1}","{""community-independent"": ""N1""}",wordmaster,community-independent,1,受け持ち,うけもち,N2,advanced-bundle,okurigana/orthography
後,うしろ,N3,"{""N3"": 1}","{""waller-derived"": ""N3""}",openjlpt|waller,waller-derived,1,後ろ,うしろ,N5,runtime-core,okurigana/orthography
打合せ,うちあわせ,N2,"{""N2"": 2}","{""community-independent"": ""N2"", ""waller-derived"": ""N2""}",openjlpt|waller|wordmaster,community-independent|waller-derived,2,打ち合わせ,うちあわせ,N2,runtime-core,okurigana/orthography
空ろ,うつろ,N1,"{""N1"": 2}","{""community-independent"": ""N1"", ""waller-derived"": ""N1""}",openjlpt|waller|wordmaster,community-independent|waller-derived,2,うつろ,うつろ,N3,runtime-core,kana-spelling-weak
饂飩,うどん,N1,"{""N1"": 1}","{""waller-derived"": ""N1""}",openjlpt|waller,waller-derived,1,うどん,うどん,N2,runtime-core,kana-spelling-weak
甘い,うまい,N1,"{""N1"": 1}","{""waller-derived"": ""N1""}",openjlpt|waller,waller-derived,1,うまい,うまい,N4,runtime-core,kana-spelling-weak
梅干,うめぼし,N1,"{""N1"": 1}","{""waller-derived"": ""N1""}",openjlpt|waller,waller-derived,1,梅干し,うめぼし,N1,advanced-bundle,okurigana/orthography
売上,うりあげ,N2,"{""N2"": 2}","{""community-independent"": ""N2"", ""waller-derived"": ""N2""}",openjlpt|waller|wordmaster,community-independent|waller-derived,2,売り上げ,うりあげ,N3,runtime-core,okurigana/orthography
五月蝿い,うるさい,N1,"{""N1"": 1}","{""waller-derived"": ""N1""}",openjlpt|waller,waller-derived,1,うるさい,うるさい,N5,runtime-core,kana-spelling-weak
売行き,うれゆき,N2,"{""N2"": 2}","{""community-independent"": ""N2"", ""waller-derived"": ""N2""}",openjlpt|waller|wordmaster,community-independent|waller-derived,2,売れ行き,うれゆき,N2,runtime-core,okurigana/orthography
運転,うんてんする,N4,"{""N4"": 2}","{""community-independent"": ""N4"", ""waller-derived"": ""N4""}",openjlpt|wordmaster,community-independent|waller-derived,2,運転,うんてん,N4,runtime-core,suru-reading-alias
運動,うんどうする,N4,"{""N4"": 2}","{""community-independent"": ""N4"", ""waller-derived"": ""N4""}",openjlpt|wordmaster,community-independent|waller-derived,2,運動,うんどう,N4,runtime-core,suru-reading-alias
遠慮,えんりょする,N4,"{""N4"": 2}","{""community-independent"": ""N4"", ""waller-derived"": ""N4""}",openjlpt|wordmaster,community-independent|waller-derived,2,遠慮,えんりょ,N4,runtime-core,suru-reading-alias
於いて,おいて,N1,"{""N1"": 2}","{""community-independent"": ""N1"", ""waller-derived"": ""N1""}",openjlpt|waller|wordmaster,community-independent|waller-derived,2,おいて,おいて,N3,runtime-core,kana-spelling-weak
お出でになる,おいでになる,N1,"{""N1"": 1}","{""waller-derived"": ""N1""}",openjlpt|waller,waller-derived,1,おいでになる,おいでになる,N3,runtime-core,kana-spelling-weak
大凡,おおよそ,N2,"{""N2"": 2}","{""community-independent"": ""N2"", ""waller-derived"": ""N2""}",openjlpt|waller|wordmaster,community-independent|waller-derived,2,おおよそ,おおよそ,N2,runtime-core,kana-spelling-weak
お蔭,おかげ,N1,"{""N1"": 1}","{""waller-derived"": ""N1""}",openjlpt|waller,waller-derived,1,おかげ,おかげ,N3,runtime-core,kana-spelling-weak
お蔭様で,おかげさまで,N1,"{""N1"": 1}","{""waller-derived"": ""N1""}",openjlpt|waller,waller-derived,1,おかげさまで,おかげさまで,N1,advanced-bundle,kana-spelling-weak
お菜,おかず,N1,"{""N1"": 1}","{""waller-derived"": ""N1""}",openjlpt|waller,waller-derived,1,おかず,おかず,N2,runtime-core,kana-spelling-weak
起す,おこす,N4,"{""N4"": 1}","{""waller-derived"": ""N4""}",openjlpt|waller,waller-derived,1,起こす,おこす,N4,runtime-core,okurigana/orthography
傲る,おごる,N1,"{""N1"": 1}","{""waller-derived"": ""N1""}",openjlpt|waller,waller-derived,1,おごる,おごる,N2,runtime-core,kana-spelling-weak
押える,おさえる,N3,"{""N2"": 1, ""N3"": 1}","{""community-independent"": ""N3"", ""waller-derived"": ""N2""}",openjlpt|waller|wordmaster,community-independent|waller-derived,2,押さえる,おさえる,N3,runtime-core,okurigana/orthography
伯父,おじ,N2,"{""N2"": 1}","{""community-independent"": ""N2""}",wordmaster,community-independent,1,おじ,おじ,N5,runtime-core,kana-spelling-weak
伯父/叔父,おじいさん,N5,"{""N5"": 1}","{""waller-derived"": ""N5""}",openjlpt,waller-derived,1,おじいさん,おじいさん,N5,runtime-core,kana-spelling-weak
御辞儀,おじぎ,N2,"{""N2"": 1}","{""waller-derived"": ""N2""}",openjlpt|waller,waller-derived,1,お辞儀,おじぎ,N3,runtime-core,okurigana/orthography
伯父; 叔父さん,おじさん,N5,"{""N5"": 1}","{""community-independent"": ""N5""}",wordmaster,community-independent,1,おじさん,おじさん,N5,runtime-core,kana-spelling-weak
叔父さん,おじさん,N2,"{""N2"": 2}","{""community-independent"": ""N2"", ""waller-derived"": ""N2""}",openjlpt|waller|wordmaster,community-independent|waller-derived,2,おじさん,おじさん,N5,runtime-core,kana-spelling-weak
小父さん,おじさん,N2,"{""N2"": 2}","{""community-independent"": ""N2"", ""waller-derived"": ""N2""}",openjlpt|waller|wordmaster,community-independent|waller-derived,2,おじさん,おじさん,N5,runtime-core,kana-spelling-weak
御世辞,おせじ,N1,"{""N1"": 1}","{""community-independent"": ""N1""}",wordmaster,community-independent,1,お世辞,おせじ,N1,advanced-bundle,okurigana/orthography
落着く,おちつく,N2,"{""N2"": 2}","{""community-independent"": ""N2"", ""waller-derived"": ""N2""}",openjlpt|waller|wordmaster,community-independent|waller-derived,2,落ち着く,おちつく,N3,runtime-core,okurigana/orthography
落葉,おちば,N1,"{""N1"": 1}","{""community-independent"": ""N1""}",wordmaster,community-independent,1,落ち葉,おちば,N2,runtime-core,okurigana/orthography
落る,おちる,N4,"{""N4"": 2}","{""community-independent"": ""N4"", ""waller-derived"": ""N4""}",openjlpt|waller|wordmaster,community-independent|waller-derived,2,落ちる,おちる,N4,runtime-core,okurigana/orthography
仰っしゃる,おっしゃる,N1,"{""N1"": 1}","{""waller-derived"": ""N1""}",openjlpt|waller,waller-derived,1,おっしゃる,おっしゃる,N3,runtime-core,kana-spelling-weak
御手洗,おてあらい,N2,"{""N2"": 1}","{""waller-derived"": ""N2""}",openjlpt,waller-derived,1,お手洗い,おてあらい,N5,advanced-bundle,okurigana/orthography
御手洗い,おてあらい,N1,"{""N1"": 1}","{""waller-derived"": ""N1""}",openjlpt|waller,waller-derived,1,お手洗い,おてあらい,N5,advanced-bundle,okurigana/orthography
落す,おとす,N4,"{""N4"": 2}","{""community-independent"": ""N4"", ""waller-derived"": ""N4""}",openjlpt|waller|wordmaster,community-independent|waller-derived,2,落とす,おとす,N4,runtime-core,okurigana/orthography
各,おのおの,N1,"{""N1"": 1}","{""waller-derived"": ""N1""}",openjlpt|waller,waller-derived,1,おのおの,おのおの,N1,advanced-bundle,kana-spelling-weak
お早う,おはよう,N1,"{""N1"": 1}","{""waller-derived"": ""N1""}",openjlpt|waller,waller-derived,1,おはよう,おはよう,N5,runtime-core,kana-spelling-weak
伯母,おば,N2,"{""N2"": 1}","{""community-independent"": ""N2""}",wordmaster,community-independent,1,おば|オーバー,おば|オーバー,N3|N5,runtime-core,kana-spelling-weak
お祖母さん,おばあさん,N1,"{""N1"": 1}","{""waller-derived"": ""N1""}",openjlpt|waller,waller-derived,1,おばあさん,おばあさん,N5,runtime-core,kana-spelling-weak
伯母さん,おばさん,N5,"{""N5"": 1}","{""waller-derived"": ""N5""}",openjlpt|waller,waller-derived,1,おばさん,おばさん,N5,runtime-core,kana-spelling-weak
伯母さん/叔母さん,おばさん,N5,"{""N5"": 1}","{""waller-derived"": ""N5""}",openjlpt,waller-derived,1,おばさん,おばさん,N5,runtime-core,kana-spelling-weak
伯母さん; 叔母さん,おばさん,N5,"{""N5"": 1}","{""community-independent"": ""N5""}",wordmaster,community-independent,1,おばさん,おばさん,N5,runtime-core,kana-spelling-weak
叔母さん,おばさん,N2,"{""N2"": 1}","{""waller-derived"": ""N2""}",openjlpt|waller,waller-derived,1,おばさん,おばさん,N5,runtime-core,kana-spelling-weak
小母さん,おばさん,N2,"{""N2"": 1}","{""community-independent"": ""N2""}",wordmaster,community-independent,1,おばさん,おばさん,N5,runtime-core,kana-spelling-weak
御負け,おまけ,N1,"{""N1"": 1}","{""waller-derived"": ""N1""}",openjlpt|waller,waller-derived,1,おまけ,おまけ,N1,runtime-core,kana-spelling-weak
お襁褓,おむつ,N1,"{""N1"": 1}","{""waller-derived"": ""N1""}",openjlpt|waller,waller-derived,1,おむつ,おむつ,N3,runtime-core,kana-spelling-weak
お目出度う,おめでとう,N3,"{""N3"": 1}","{""waller-derived"": ""N3""}",openjlpt|waller,waller-derived,1,おめでとう,おめでとう,N5,runtime-core,kana-spelling-weak
お八,おやつ,N1,"{""N1"": 1}","{""waller-derived"": ""N1""}",openjlpt,waller-derived,1,おやつ,おやつ,N3,runtime-core,kana-spelling-weak
お八つ,おやつ,N1,"{""N1"": 1}","{""waller-derived"": ""N1""}",waller,waller-derived,1,おやつ,おやつ,N3,runtime-core,kana-spelling-weak
織,おり,N1,"{""N1"": 1}","{""waller-derived"": ""N1""}",openjlpt|waller,waller-derived,1,織り,おり,N1,advanced-bundle,okurigana/orthography
居る,おる,N3,"{""N3"": 1}","{""waller-derived"": ""N3""}",openjlpt|waller,waller-derived,1,おる|オール,おる|オール,N1|N4,advanced-bundle|runtime-core,kana-spelling-weak
下す,おろす,N3,"{""N3"": 2}","{""community-independent"": ""N3"", ""waller-derived"": ""N3""}",openjlpt|waller|wordmaster,community-independent|waller-derived,2,下ろす,おろす,N3,runtime-core,okurigana/orthography
終,おわり,N3,"{""N3"": 1}","{""waller-derived"": ""N3""}",openjlpt|waller,waller-derived,1,終わり,おわり,N5,runtime-core,okurigana/orthography
終る,おわる,N5,"{""N5"": 2}","{""community-independent"": ""N5"", ""waller-derived"": ""N5""}",openjlpt|waller|wordmaster,community-independent|waller-derived,2,終わる,おわる,N5,runtime-core,okurigana/orthography
ＯＫ,オーケー,N1,"{""N1"": 1}","{""waller-derived"": ""N1""}",waller,waller-derived,1,オーケー,オーケー,N1,advanced-bundle,kana-spelling-weak
係り,かかり,N1,"{""N1"": 1}","{""waller-derived"": ""N1""}",openjlpt|waller,waller-derived,1,係,かかり,N4,runtime-core,okurigana/orthography
賭,かけ,N1,"{""N1"": 1}","{""community-independent"": ""N1""}",wordmaster,community-independent,1,賭け,かけ,N1,runtime-core,okurigana/orthography
箇条書,かじょうがき,N1,"{""N1"": 1}","{""community-independent"": ""N1""}",wordmaster,community-independent,1,箇条書き,かじょうがき,N1,runtime-core,okurigana/orthography
噛る,かじる,N1,"{""N1"": 1}","{""waller-derived"": ""N1""}",openjlpt|waller,waller-derived,1,かじる,かじる,N3,runtime-core,kana-spelling-weak
割,かつ,N1,"{""N1"": 1}","{""waller-derived"": ""N1""}",openjlpt|waller,waller-derived,1,カツ,カツ,N1,advanced-bundle,kana-spelling-weak
嘗て,かつて,N1,"{""N1"": 1}","{""waller-derived"": ""N1""}",openjlpt|waller,waller-derived,1,かって|かつて,かって|かつて,N1|N2,advanced-bundle|runtime-core,kana-spelling-weak
門,かど,N1,"{""N1"": 1}","{""waller-derived"": ""N1""}",openjlpt|waller,waller-derived,1,カード,カード,N4|N5,curated-supplement|runtime-core,kana-spelling-weak
哉,かな,N1,"{""N1"": 1}","{""waller-derived"": ""N1""}",waller,waller-derived,1,かな,かな,N1,advanced-bundle,kana-spelling-weak
可成,かなり,N1,"{""N1"": 1}","{""waller-derived"": ""N1""}",openjlpt|waller,waller-derived,1,かなり,かなり,N3,runtime-core,kana-spelling-weak
兼ねて,かねて,N1,"{""N1"": 1}","{""waller-derived"": ""N1""}",openjlpt|waller,waller-derived,1,かねて,かねて,N2,runtime-core,kana-spelling-weak
揶揄う,からかう,N1,"{""N1"": 1}","{""waller-derived"": ""N1""}",openjlpt|waller,waller-derived,1,からかう,からかう,N2,advanced-bundle,kana-spelling-weak
可愛そう,かわいそう,N3,"{""N3"": 1}","{""community-independent"": ""N3""}",wordmaster,community-independent,1,かわいそう,かわいそう,N3,runtime-core,kana-spelling-weak
交す,かわす,N1,"{""N1"": 1}","{""community-independent"": ""N1""}",wordmaster,community-independent,1,交わす,かわす,N2,runtime-core,okurigana/orthography
代る,かわる,N3,"{""N2"": 1, ""N3"": 1}","{""community-independent"": ""N3"", ""waller-derived"": ""N2""}",openjlpt|waller|wordmaster,community-independent|waller-derived,2,代わる,かわる,N4,runtime-core,okurigana/orthography
代る代る,かわるがわる,N1,"{""N1"": 1}","{""community-independent"": ""N1""}",wordmaster,community-independent,1,代わる代わる,かわるがわる,N1,advanced-bundle,okurigana/orthography
～観,かん,N3,"{""N3"": 1}","{""community-independent"": ""N3""}",wordmaster,community-independent,1,観,かん,N2,runtime-core,okurigana/orthography
乾,かん,N1,"{""N1"": 1}","{""waller-derived"": ""N1""}",openjlpt|waller,waller-derived,1,カーン,カーン,N1,advanced-bundle,kana-spelling-weak
冠,かん,N1,"{""N1"": 1}","{""waller-derived"": ""N1""}",openjlpt|waller,waller-derived,1,カーン,カーン,N1,advanced-bundle,kana-spelling-weak
幹,かん,N1,"{""N1"": 1}","{""waller-derived"": ""N1""}",openjlpt|waller,waller-derived,1,カーン,カーン,N1,advanced-bundle,kana-spelling-weak
蓋,がい,N1,"{""N1"": 1}","{""waller-derived"": ""N1""}",openjlpt|waller,waller-derived,1,ガイ,ガイ,N1,advanced-bundle,kana-spelling-weak
がる,がる,N1,"{""N1"": 1}","{""waller-derived"": ""N1""}",waller,waller-derived,1,ガール,ガール,N1,advanced-bundle,kana/long-mark
兆,きざし,N1,"{""N1"": 2}","{""community-independent"": ""N1"", ""waller-derived"": ""N1""}",openjlpt|wordmaster,community-independent|waller-derived,2,兆し,きざし,N1,runtime-core,okurigana/orthography
切っ掛け,きっかけ,N1,"{""N1"": 1}","{""waller-derived"": ""N1""}",openjlpt|waller,waller-derived,1,きっかけ,きっかけ,N2,runtime-core,kana-spelling-weak
屹度,きっと,N1,"{""N1"": 1}","{""waller-derived"": ""N1""}",openjlpt|waller,waller-derived,1,きっと|キット,きっと|キット,N1|N4,advanced-bundle|runtime-core,kana-spelling-weak
決る,きまる,N4,"{""N4"": 1}","{""waller-derived"": ""N4""}",openjlpt|waller,waller-derived,1,決まる,きまる,N4,runtime-core,okurigana/orthography
供,きょう,N1,"{""N1"": 1}","{""waller-derived"": ""N1""}",openjlpt,waller-derived,1,きょう,きょう,N1,advanced-bundle,kana-spelling-weak
共,きょう,N1,"{""N1"": 1}","{""waller-derived"": ""N1""}",openjlpt,waller-derived,1,きょう,きょう,N1,advanced-bundle,kana-spelling-weak
切替,きりかえ,N1,"{""N1"": 1}","{""community-independent"": ""N1""}",wordmaster,community-independent,1,切り替え,きりかえ,N1,runtime-core,okurigana/orthography
斬る,きる,N2,"{""N2"": 2}","{""community-independent"": ""N2"", ""waller-derived"": ""N2""}",openjlpt|waller|wordmaster,community-independent|waller-derived,2,きる|キール,きる|キール,N1|N2,advanced-bundle|runtime-core,kana-spelling-weak
奇麗,きれい,N1,"{""N1"": 1}","{""waller-derived"": ""N1""}",openjlpt|waller,waller-derived,1,きれい,きれい,N5,runtime-core,kana-spelling-weak
嚏,くしゃみ,N1,"{""N1"": 1}","{""waller-derived"": ""N1""}",openjlpt|waller,waller-derived,1,くしゃみ,くしゃみ,N3,runtime-core,kana-spelling-weak
旧事,くじ,N1,"{""N1"": 1}","{""waller-derived"": ""N1""}",openjlpt|waller,waller-derived,1,くじ,くじ,N2,runtime-core,kana-spelling-weak
擽ぐったい,くすぐったい,N1,"{""N1"": 1}","{""waller-derived"": ""N1""}",openjlpt|waller,waller-derived,1,くすぐったい,くすぐったい,N1,advanced-bundle,kana-spelling-weak
諄い,くどい,N1,"{""N1"": 1}","{""waller-derived"": ""N1""}",openjlpt|waller,waller-derived,1,くどい,くどい,N2,runtime-core,kana-spelling-weak
組合せ,くみあわせ,N2,"{""N2"": 2}","{""community-independent"": ""N2"", ""waller-derived"": ""N2""}",openjlpt|waller|wordmaster,community-independent|waller-derived,2,組み合わせ,くみあわせ,N2,runtime-core,okurigana/orthography
曇,くもり,N3,"{""N3"": 1}","{""waller-derived"": ""N3""}",openjlpt|waller,waller-derived,1,曇り,くもり,N5,runtime-core,okurigana/orthography
呉れ呉れも,くれぐれも,N1,"{""N1"": 1}","{""waller-derived"": ""N1""}",openjlpt|waller,waller-derived,1,くれぐれも,くれぐれも,N1,runtime-core,kana-spelling-weak
呉れる,くれる,N4,"{""N4"": 1}","{""waller-derived"": ""N4""}",openjlpt|waller,waller-derived,1,くれる,くれる,N5,runtime-core,kana-spelling-weak
咥える,くわえる,N3,"{""N2"": 1, ""N3"": 1}","{""community-independent"": ""N3"", ""waller-derived"": ""N2""}",waller|wordmaster,community-independent|waller-derived,2,くわえる,くわえる,N3,runtime-core,kana-spelling-weak
計画,けいかくする,N4,"{""N4"": 2}","{""community-independent"": ""N4"", ""waller-derived"": ""N4""}",openjlpt|wordmaster,community-independent|waller-derived,2,計画,けいかく,N4,runtime-core,suru-reading-alias
経験,けいけんする,N4,"{""N4"": 2}","{""community-independent"": ""N4"", ""waller-derived"": ""N4""}",openjlpt|wordmaster,community-independent|waller-derived,2,経験,けいけん,N4,runtime-core,suru-reading-alias
吝嗇,けち,N1,"{""N1"": 1}","{""waller-derived"": ""N1""}",openjlpt|waller,waller-derived,1,けち|ケチ,けち|ケチ,N3,advanced-bundle|runtime-core,kana-spelling-weak
芸,げい,N1,"{""N1"": 1}","{""community-independent"": ""N1""}",wordmaster,community-independent,1,ゲイ,ゲイ,N1,advanced-bundle,kana-spelling-weak
斯う,こう,N4,"{""N4"": 1}","{""waller-derived"": ""N4""}",waller,waller-derived,1,こう,こう,N5,runtime-core,kana-spelling-weak
溝,こう,N1,"{""N1"": 1}","{""waller-derived"": ""N1""}",openjlpt|waller,waller-derived,1,こう,こう,N5,runtime-core,kana-spelling-weak
請う,こう,N2,"{""N2"": 1}","{""waller-derived"": ""N2""}",openjlpt|waller,waller-derived,1,こう,こう,N5,runtime-core,kana-spelling-weak
此処,ここ,N5,"{""N5"": 1}","{""waller-derived"": ""N5""}",waller,waller-derived,1,ここ,ここ,N5,runtime-core,kana-spelling-weak
箇箇,ここ,N1,"{""N1"": 1}","{""waller-derived"": ""N1""}",openjlpt|waller,waller-derived,1,ここ,ここ,N5,runtime-core,kana-spelling-weak
故障,こしょうする,N4,"{""N4"": 2}","{""community-independent"": ""N4"", ""waller-derived"": ""N4""}",openjlpt|wordmaster,community-independent|waller-derived,2,故障,こしょう,N3,runtime-core,suru-reading-alias
答,こたえ,N4,"{""N4"": 2}","{""community-independent"": ""N4"", ""waller-derived"": ""N4""}",openjlpt|waller|wordmaster,community-independent|waller-derived,2,答え,こたえ,N5,runtime-core,okurigana/orthography
火燵,こたつ,N1,"{""N1"": 1}","{""waller-derived"": ""N1""}",openjlpt|waller,waller-derived,1,こたつ,こたつ,N1,runtime-core,kana-spelling-weak
此方,こっち,N5,"{""N5"": 1}","{""waller-derived"": ""N5""}",waller,waller-derived,1,こっち,こっち,N5,runtime-core,kana-spelling-weak
言付け,ことづけ,N1,"{""N1"": 1}","{""community-independent"": ""N1""}",wordmaster,community-independent,1,ことづけ,ことづけ,N1,advanced-bundle,kana-spelling-weak
此の,この,N5,"{""N5"": 1}","{""waller-derived"": ""N5""}",openjlpt|waller,waller-derived,1,この,この,N5,runtime-core,kana-spelling-weak
篭る,こもる,N1,"{""N1"": 1}","{""waller-derived"": ""N1""}",openjlpt|waller,waller-derived,1,こもる,こもる,N1,advanced-bundle,kana-spelling-weak
此れ,これ,N1,"{""N1"": 1}","{""waller-derived"": ""N1""}",openjlpt|waller,waller-derived,1,これ,これ,N5,runtime-core,kana-spelling-weak
此れ等,これら,N1,"{""N1"": 1}","{""waller-derived"": ""N1""}",openjlpt|waller,waller-derived,1,これら|コレラ,これら|コレラ,N1|N3,advanced-bundle|runtime-core,kana-spelling-weak
今晩は,こんばんは,N1,"{""N1"": 1}","{""waller-derived"": ""N1""}",openjlpt|waller,waller-derived,1,こんばんは,こんばんは,N5,runtime-core,kana-spelling-weak
御主人,ごしゅじん,N4,"{""N4"": 1}","{""waller-derived"": ""N4""}",openjlpt|waller,waller-derived,1,ご主人,ごしゅじん,N4,advanced-bundle,okurigana/orthography
御馳走,ごちそう,N2,"{""N2"": 1}","{""waller-derived"": ""N2""}",openjlpt|waller,waller-derived,1,ご馳走,ごちそう,N4,advanced-bundle,okurigana/orthography
御飯,ごはん,N5,"{""N5"": 2}","{""community-independent"": ""N5"", ""waller-derived"": ""N5""}",openjlpt|waller|wordmaster,community-independent|waller-derived,2,ご飯,ごはん,N5,runtime-core,okurigana/orthography
塵芥,ごみ,N2,"{""N2"": 1}","{""waller-derived"": ""N2""}",openjlpt,waller-derived,1,ごみ,ごみ,N4,runtime-core,kana-spelling-weak
御免ください,ごめんください,N1,"{""N1"": 1}","{""waller-derived"": ""N1""}",openjlpt|waller,waller-derived,1,ごめんください,ごめんください,N1,advanced-bundle,kana-spelling-weak
逆上る,さかのぼる,N1,"{""N1"": 1}","{""waller-derived"": ""N1""}",openjlpt|waller,waller-derived,1,さかのぼる,さかのぼる,N1,advanced-bundle,kana-spelling-weak
下る,さがる,N4,"{""N4"": 2}","{""community-independent"": ""N4"", ""waller-derived"": ""N4""}",openjlpt|waller|wordmaster,community-independent|waller-derived,2,下がる,さがる,N4,runtime-core,okurigana/orthography
一昨昨日,さきおととい,N2,"{""N1"": 1, ""N2"": 1}","{""community-independent"": ""N2"", ""waller-derived"": ""N1""}",openjlpt|waller|wordmaster,community-independent|waller-derived,2,さきおととい,さきおととい,N1,advanced-bundle,kana-spelling-weak
些事,さじ,N1,"{""N1"": 1}","{""waller-derived"": ""N1""}",openjlpt|waller,waller-derived,1,さじ,さじ,N1,runtime-core,kana-spelling-weak
摩する,さする,N1,"{""N1"": 1}","{""community-independent"": ""N1""}",wordmaster,community-independent,1,摩る,さする,N1,advanced-bundle,okurigana/orthography
嘸,さぞ,N1,"{""N1"": 1}","{""waller-derived"": ""N1""}",openjlpt|waller,waller-derived,1,さぞ,さぞ,N1,advanced-bundle,kana-spelling-weak
先,さっき,N4,"{""N4"": 1}","{""waller-derived"": ""N4""}",waller,waller-derived,1,さっき,さっき,N3,runtime-core,kana-spelling-weak
颯っと,さっと,N1,"{""N1"": 1}","{""waller-derived"": ""N1""}",waller,waller-derived,1,さっと,さっと,N2,runtime-core,kana-spelling-weak
偖,さて,N1,"{""N1"": 1}","{""waller-derived"": ""N1""}",openjlpt|waller,waller-derived,1,さて,さて,N2,runtime-core,kana-spelling-weak
錆び,さび,N1,"{""N1"": 1}","{""waller-derived"": ""N1""}",openjlpt|waller,waller-derived,1,錆|錆[さび],さび,N2,advanced-bundle|runtime-core,okurigana/orthography
左程,さほど,N1,"{""N1"": 1}","{""waller-derived"": ""N1""}",openjlpt|waller,waller-derived,1,さほど,さほど,N1,runtime-core,kana-spelling-weak
左様なら,さようなら,N1,"{""N1"": 1}","{""waller-derived"": ""N1""}",openjlpt|waller,waller-derived,1,さようなら,さようなら,N5,runtime-core,kana-spelling-weak
散歩,さんぽする,N5,"{""N5"": 1}","{""waller-derived"": ""N5""}",openjlpt,waller-derived,1,散歩,さんぽ,N5,runtime-core,suru-reading-alias
次,し,N1,"{""N1"": 1}","{""waller-derived"": ""N1""}",openjlpt,waller-derived,1,し,し,N1,advanced-bundle,kana-spelling-weak
秭,し,N1,"{""N1"": 1}","{""waller-derived"": ""N1""}",waller,waller-derived,1,し,し,N1,advanced-bundle,kana-spelling-weak
仕上,しあげ,N1,"{""N1"": 1}","{""community-independent"": ""N1""}",wordmaster,community-independent,1,仕上げ,しあげ,N1,advanced-bundle,okurigana/orthography
明明後日,しあさって,N2,"{""N2"": 1}","{""community-independent"": ""N2""}",wordmaster,community-independent,1,しあさって,しあさって,N1,advanced-bundle,kana-spelling-weak
仕掛,しかけ,N1,"{""N1"": 1}","{""community-independent"": ""N1""}",wordmaster,community-independent,1,仕掛け,しかけ,N1,runtime-core,okurigana/orthography
然し,しかし,N5,"{""N5"": 1}","{""waller-derived"": ""N5""}",openjlpt|waller,waller-derived,1,しかし,しかし,N5,runtime-core,kana-spelling-weak
然しながら,しかしながら,N1,"{""N1"": 1}","{""waller-derived"": ""N1""}",openjlpt|waller,waller-derived,1,しかしながら,しかしながら,N2,runtime-core,kana-spelling-weak
而も,しかも,N1,"{""N1"": 1}","{""waller-derived"": ""N1""}",openjlpt|waller,waller-derived,1,しかも,しかも,N2,runtime-core,kana-spelling-weak
為来り,しきたり,N1,"{""N1"": 1}","{""waller-derived"": ""N1""}",openjlpt|waller,waller-derived,1,しきたり,しきたり,N2,runtime-core,kana-spelling-weak
仕組,しくみ,N1,"{""N1"": 1}","{""community-independent"": ""N1""}",wordmaster,community-independent,1,仕組み,しくみ,N2,runtime-core,okurigana/orthography
支度,したくする,N4,"{""N4"": 2}","{""community-independent"": ""N4"", ""waller-derived"": ""N4""}",openjlpt|wordmaster,community-independent|waller-derived,2,支度,したく,N4,advanced-bundle,suru-reading-alias
確り,しっかり,N1,"{""N1"": 1}","{""waller-derived"": ""N1""}",openjlpt|waller,waller-derived,1,しっかり,しっかり,N4,runtime-core,kana-spelling-weak
室,しつ,N1,"{""N1"": 1}","{""waller-derived"": ""N1""}",openjlpt|waller,waller-derived,1,シーツ,シーツ,N3,runtime-core,kana-spelling-weak
躾ける,しつける,N1,"{""N1"": 1}","{""community-independent"": ""N1""}",wordmaster,community-independent,1,しつける,しつける,N1,advanced-bundle,kana-spelling-weak
嫋か,しなやか,N1,"{""N1"": 1}","{""waller-derived"": ""N1""}",openjlpt,waller-derived,1,しなやか,しなやか,N1,runtime-core,kana-spelling-weak
支払,しはらい,N3,"{""N3"": 2}","{""community-independent"": ""N3"", ""waller-derived"": ""N3""}",openjlpt|waller|wordmaster,community-independent|waller-derived,2,支払い,しはらい,N3,runtime-core,okurigana/orthography
屡,しばしば,N1,"{""N1"": 1}","{""waller-derived"": ""N1""}",openjlpt|waller,waller-derived,1,しばしば,しばしば,N2,runtime-core,kana-spelling-weak
仕舞,しまい,N1,"{""N1"": 1}","{""waller-derived"": ""N1""}",openjlpt|waller,waller-derived,1,仕舞い,しまい,N3,advanced-bundle,okurigana/orthography
仕舞う,しまう,N3,"{""N3"": 1}","{""waller-derived"": ""N3""}",openjlpt|waller,waller-derived,1,しまう,しまう,N4,runtime-core,kana-spelling-weak
仕舞った,しまった,N3,"{""N3"": 1}","{""waller-derived"": ""N3""}",waller,waller-derived,1,しまった,しまった,N3,advanced-bundle,kana-spelling-weak
泌み泌み,しみじみ,N1,"{""N1"": 1}","{""waller-derived"": ""N1""}",openjlpt,waller-derived,1,しみじみ,しみじみ,N2,advanced-bundle,kana-spelling-weak
締切,しめきり,N2,"{""N2"": 2}","{""community-independent"": ""N2"", ""waller-derived"": ""N2""}",openjlpt|waller|wordmaster,community-independent|waller-derived,2,締め切り,しめきり,N3,runtime-core,okurigana/orthography
吃逆,しゃっくり,N1,"{""N1"": 1}","{""waller-derived"": ""N1""}",openjlpt|waller,waller-derived,1,しゃっくり,しゃっくり,N3,runtime-core,kana-spelling-weak
出席,しゅっせきする,N4,"{""N4"": 2}","{""community-independent"": ""N4"", ""waller-derived"": ""N4""}",openjlpt|wordmaster,community-independent|waller-derived,2,出席,しゅっせき,N3,runtime-core,suru-reading-alias
出発,しゅっぱつする,N4,"{""N4"": 2}","{""community-independent"": ""N4"", ""waller-derived"": ""N4""}",openjlpt|wordmaster,community-independent|waller-derived,2,出発,しゅっぱつ,N4,runtime-core,suru-reading-alias
承知,しょうちする,N4,"{""N4"": 2}","{""community-independent"": ""N4"", ""waller-derived"": ""N4""}",openjlpt|wordmaster,community-independent|waller-derived,2,承知,しょうち,N4,runtime-core,suru-reading-alias
食事,しょくじする,N4,"{""N4"": 2}","{""community-independent"": ""N4"", ""waller-derived"": ""N4""}",openjlpt|wordmaster,community-independent|waller-derived,2,食事,しょくじ,N5,runtime-core,suru-reading-alias
知合い,しりあい,N3,"{""N2"": 1, ""N3"": 1}","{""community-independent"": ""N3"", ""waller-derived"": ""N2""}",openjlpt|waller|wordmaster,community-independent|waller-derived,2,知り合い,しりあい,N3,runtime-core,okurigana/orthography
心配,しんぱいする,N4,"{""N4"": 2}","{""community-independent"": ""N4"", ""waller-derived"": ""N4""}",openjlpt|wordmaster,community-independent|waller-derived,2,心配,しんぱい,N4,runtime-core,suru-reading-alias
じゃん拳,じゃんけん,N1,"{""N1"": 1}","{""waller-derived"": ""N1""}",openjlpt|waller,waller-derived,1,じゃんけん,じゃんけん,N2,advanced-bundle,kana-spelling-weak
準備,じゅんびする,N4,"{""N4"": 2}","{""community-independent"": ""N4"", ""waller-derived"": ""N4""}",openjlpt|wordmaster,community-independent|waller-derived,2,準備,じゅんび,N4,runtime-core,suru-reading-alias
Ｇパン,ジーパン,N1,"{""N1"": 1}","{""waller-derived"": ""N1""}",waller,waller-derived,1,ジーパン,ジーパン,N1,advanced-bundle,kana-spelling-weak
すてき,すてき,N3,"{""N3"": 2}","{""community-independent"": ""N3"", ""waller-derived"": ""N3""}",waller|wordmaster,community-independent|waller-derived,2,ステーキ,ステーキ,N3,runtime-core,kana/long-mark
済みません,すみません,N1,"{""N1"": 1}","{""waller-derived"": ""N1""}",openjlpt|waller,waller-derived,1,すみません,すみません,N5,runtime-core,kana-spelling-weak
掏摸,すり,N4,"{""N4"": 1}","{""waller-derived"": ""N4""}",openjlpt|waller,waller-derived,1,すり,すり,N4,advanced-bundle,kana-spelling-weak
剃る,する,N1,"{""N1"": 1}","{""waller-derived"": ""N1""}",openjlpt|waller,waller-derived,1,する|スルー,する|スルー,N1|N5,advanced-bundle|runtime-core,kana-spelling-weak
為る,する,N5,"{""N3"": 1, ""N5"": 1}","{""community-independent"": ""N3"", ""waller-derived"": ""N5""}",openjlpt|waller|wordmaster,community-independent|waller-derived,2,する|スルー,する|スルー,N1|N5,advanced-bundle|runtime-core,kana-spelling-weak
狡い,ずるい,N2,"{""N2"": 2}","{""community-independent"": ""N2"", ""waller-derived"": ""N2""}",openjlpt|waller|wordmaster,community-independent|waller-derived,2,ずるい,ずるい,N3,runtime-core,kana-spelling-weak
制,せい,N1,"{""N1"": 1}","{""waller-derived"": ""N1""}",openjlpt|waller,waller-derived,1,せい,せい,N5,runtime-core,kana-spelling-weak
所為,せい,N3,"{""N3"": 2}","{""community-independent"": ""N3"", ""waller-derived"": ""N3""}",openjlpt|waller|wordmaster,community-independent|waller-derived,2,せい,せい,N5,runtime-core,kana-spelling-weak
製,せい,N1,"{""N1"": 1}","{""waller-derived"": ""N1""}",openjlpt|waller,waller-derived,1,せい,せい,N5,runtime-core,kana-spelling-weak
生活,せいかつする,N4,"{""N4"": 2}","{""community-independent"": ""N4"", ""waller-derived"": ""N4""}",openjlpt|wordmaster,community-independent|waller-derived,2,生活,せいかつ,N4,runtime-core,suru-reading-alias
生産,せいさんする,N4,"{""N4"": 2}","{""community-independent"": ""N4"", ""waller-derived"": ""N4""}",openjlpt|wordmaster,community-independent|waller-derived,2,生産,せいさん,N4,runtime-core,suru-reading-alias
世話,せわする,N4,"{""N4"": 2}","{""community-independent"": ""N4"", ""waller-derived"": ""N4""}",openjlpt|wordmaster,community-independent|waller-derived,2,世話,せわ,N4,runtime-core,suru-reading-alias
然う,そう,N3,"{""N3"": 1}","{""waller-derived"": ""N3""}",waller,waller-derived,1,そう,そう,N5,runtime-core,kana-spelling-weak
相,そう,N3,"{""N3"": 1}","{""community-independent"": ""N3""}",wordmaster,community-independent,1,そう,そう,N5,runtime-core,kana-spelling-weak
然うして,そうして,N1,"{""N1"": 1}","{""waller-derived"": ""N1""}",openjlpt|waller,waller-derived,1,そうして,そうして,N5,advanced-bundle,kana-spelling-weak
掃除,そうじする,N5,"{""N5"": 1}","{""waller-derived"": ""N5""}",openjlpt,waller-derived,1,掃除,そうじ,N5,runtime-core,suru-reading-alias
相談,そうだんする,N4,"{""N4"": 2}","{""community-independent"": ""N4"", ""waller-derived"": ""N4""}",openjlpt|wordmaster,community-independent|waller-derived,2,相談,そうだん,N4,runtime-core,suru-reading-alias
其処,そこ,N5,"{""N5"": 1}","{""waller-derived"": ""N5""}",openjlpt|waller,waller-derived,1,そこ,そこ,N5,runtime-core,kana-spelling-weak
其処で,そこで,N1,"{""N1"": 1}","{""waller-derived"": ""N1""}",openjlpt|waller,waller-derived,1,そこで,そこで,N3,runtime-core,kana-spelling-weak
損う,そこなう,N1,"{""N1"": 1}","{""community-independent"": ""N1""}",wordmaster,community-independent,1,損なう,そこなう,N2,runtime-core,okurigana/orthography
其処ら,そこら,N1,"{""N1"": 1}","{""waller-derived"": ""N1""}",openjlpt|waller,waller-derived,1,そこら,そこら,N2,runtime-core,kana-spelling-weak
然して,そして,N1,"{""N1"": 1}","{""waller-derived"": ""N1""}",openjlpt|waller,waller-derived,1,そして,そして,N5,runtime-core,kana-spelling-weak
其方,そちら,N1,"{""N1"": 1}","{""waller-derived"": ""N1""}",openjlpt|waller,waller-derived,1,そちら,そちら,N5,runtime-core,kana-spelling-weak
素っ気無い,そっけない,N1,"{""N1"": 1}","{""community-independent"": ""N1""}",wordmaster,community-independent,1,そっけない,そっけない,N1,advanced-bundle,kana-spelling-weak
外方,そっぽ,N1,"{""N1"": 2}","{""community-independent"": ""N1"", ""waller-derived"": ""N1""}",openjlpt|waller|wordmaster,community-independent|waller-derived,2,そっぽ,そっぽ,N1,advanced-bundle,kana-spelling-weak
其の,その,N5,"{""N5"": 1}","{""waller-derived"": ""N5""}",waller,waller-derived,1,その,その,N5,runtime-core,kana-spelling-weak
その為,そのため,N1,"{""N1"": 1}","{""waller-derived"": ""N1""}",openjlpt|waller,waller-derived,1,そのため,そのため,N3,runtime-core,kana-spelling-weak
その外,そのほか,N1,"{""N1"": 1}","{""waller-derived"": ""N1""}",openjlpt|waller,waller-derived,1,そのほか,そのほか,N3,runtime-core,kana-spelling-weak
其れ,それ,N1,"{""N1"": 1}","{""waller-derived"": ""N1""}",openjlpt|waller,waller-derived,1,それ,それ,N5,runtime-core,kana-spelling-weak
其れから,それから,N1,"{""N1"": 1}","{""waller-derived"": ""N1""}",openjlpt|waller,waller-derived,1,それから,それから,N5,runtime-core,kana-spelling-weak
各々,それぞれ,N1,"{""N1"": 1}","{""waller-derived"": ""N1""}",openjlpt,waller-derived,1,それぞれ,それぞれ,N4,runtime-core,kana-spelling-weak
其れで,それで,N1,"{""N1"": 1}","{""waller-derived"": ""N1""}",openjlpt|waller,waller-derived,1,それで,それで,N4,runtime-core,kana-spelling-weak
其れでは,それでは,N1,"{""N1"": 1}","{""waller-derived"": ""N1""}",openjlpt,waller-derived,1,それでは,それでは,N5,runtime-core,kana-spelling-weak
其れでも,それでも,N1,"{""N1"": 1}","{""waller-derived"": ""N1""}",openjlpt|waller,waller-derived,1,それでも,それでも,N3,runtime-core,kana-spelling-weak
其れとも,それとも,N1,"{""N1"": 1}","{""waller-derived"": ""N1""}",waller,waller-derived,1,それとも,それとも,N4,runtime-core,kana-spelling-weak
其れ共,それとも,N1,"{""N1"": 1}","{""waller-derived"": ""N1""}",openjlpt,waller-derived,1,それとも,それとも,N4,runtime-core,kana-spelling-weak
其れに,それに,N1,"{""N1"": 1}","{""waller-derived"": ""N1""}",openjlpt|waller,waller-derived,1,それに,それに,N4,runtime-core,kana-spelling-weak
其れ程,それほど,N1,"{""N1"": 1}","{""waller-derived"": ""N1""}",openjlpt|waller,waller-derived,1,それほど,それほど,N3,runtime-core,kana-spelling-weak
其れ故,それゆえ,N1,"{""N1"": 1}","{""waller-derived"": ""N1""}",openjlpt|waller,waller-derived,1,それゆえ,それゆえ,N1,runtime-core,kana-spelling-weak
徐々,そろそろ,N1,"{""N1"": 1}","{""waller-derived"": ""N1""}",openjlpt,waller-derived,1,そろそろ,そろそろ,N5,runtime-core,kana-spelling-weak
存ずる,ぞんずる,N2,"{""N2"": 2}","{""community-independent"": ""N2"", ""waller-derived"": ""N2""}",waller|wordmaster,community-independent|waller-derived,2,存,ぞんずる,N1,advanced-bundle,okurigana/orthography
隊,たい,N3,"{""N3"": 1}","{""community-independent"": ""N3""}",wordmaster,community-independent,1,タイ,タイ,N1,advanced-bundle,kana-spelling-weak
退院,たいいんする,N4,"{""N4"": 2}","{""community-independent"": ""N4"", ""waller-derived"": ""N4""}",openjlpt|wordmaster,community-independent|waller-derived,2,退院,たいいん,N3,runtime-core,suru-reading-alias
焚火,たきび,N1,"{""N1"": 2}","{""community-independent"": ""N1"", ""waller-derived"": ""N1""}",openjlpt|waller|wordmaster,community-independent|waller-derived,2,焚き火,たきび,N1,advanced-bundle,okurigana/orthography
唯,ただ,N3,"{""N3"": 2}","{""community-independent"": ""N3"", ""waller-derived"": ""N3""}",openjlpt|waller|wordmaster,community-independent|waller-derived,2,ただ,ただ,N5,runtime-core,kana-spelling-weak
楽む,たのしむ,N4,"{""N4"": 2}","{""community-independent"": ""N4"", ""waller-derived"": ""N4""}",openjlpt|waller|wordmaster,community-independent|waller-derived,2,楽しむ,たのしむ,N4,runtime-core,okurigana/orthography
偶々,たまたま,N3,"{""N3"": 2}","{""community-independent"": ""N3"", ""waller-derived"": ""N3""}",openjlpt|waller|wordmaster,community-independent|waller-derived,2,たまたま,たまたま,N2,runtime-core,kana-spelling-weak
歎,たん,N1,"{""N1"": 1}","{""waller-derived"": ""N1""}",openjlpt|waller,waller-derived,1,タン|ターン,タン|ターン,N1,advanced-bundle,kana-spelling-weak
田ぼ,たんぼ,N2,"{""N2"": 2}","{""community-independent"": ""N2"", ""waller-derived"": ""N2""}",openjlpt|waller|wordmaster,community-independent|waller-derived,2,田んぼ,たんぼ,N1,runtime-core,okurigana/orthography
打,ダース,N1,"{""N1"": 1}","{""waller-derived"": ""N1""}",waller,waller-derived,1,ダース,ダース,N1,advanced-bundle,kana-spelling-weak
些とも,ちっとも,N1,"{""N1"": 1}","{""waller-derived"": ""N1""}",openjlpt|waller,waller-derived,1,ちっとも,ちっとも,N3,runtime-core,kana-spelling-weak
恰度,ちょうど,N1,"{""N1"": 1}","{""waller-derived"": ""N1""}",openjlpt|waller,waller-derived,1,ちょうど,ちょうど,N5,runtime-core,kana-spelling-weak
一寸,ちょっと,N1,"{""N1"": 1}","{""waller-derived"": ""N1""}",openjlpt|waller,waller-derived,1,ちょっと,ちょっと,N5,runtime-core,kana-spelling-weak
付合う,つきあう,N3,"{""N2"": 1, ""N3"": 1}","{""community-independent"": ""N3"", ""waller-derived"": ""N2""}",openjlpt|waller|wordmaster,community-independent|waller-derived,2,付き合う,つきあう,N3,runtime-core,okurigana/orthography
月並,つきなみ,N1,"{""N1"": 1}","{""community-independent"": ""N1""}",wordmaster,community-independent,1,月並み,つきなみ,N1,advanced-bundle,okurigana/orthography
継目,つぎめ,N1,"{""N1"": 1}","{""community-independent"": ""N1""}",wordmaster,community-independent,1,継ぎ目,つぎめ,N1,advanced-bundle,okurigana/orthography
点く,つく,N4,"{""N2"": 1, ""N4"": 1}","{""community-independent"": ""N4"", ""waller-derived"": ""N2""}",openjlpt|waller|wordmaster,community-independent|waller-derived,2,点[つ]く,つく,N3,runtime-core,okurigana/orthography
点ける,つける,N2,"{""N2"": 1}","{""waller-derived"": ""N2""}",openjlpt|waller,waller-derived,1,点[つ]ける,つける,N3,runtime-core,okurigana/orthography
壷,つぼ,N1,"{""N1"": 2}","{""community-independent"": ""N1"", ""waller-derived"": ""N1""}",openjlpt|waller|wordmaster,community-independent|waller-derived,2,つぼ,つぼ,N1,runtime-core,kana-spelling-weak
釣,つり,N3,"{""N3"": 2}","{""community-independent"": ""N3"", ""waller-derived"": ""N3""}",waller|wordmaster,community-independent|waller-derived,2,釣り,つり,N3,runtime-core,okurigana/orthography
吊り革,つりかわ,N1,"{""N1"": 2}","{""community-independent"": ""N1"", ""waller-derived"": ""N1""}",openjlpt|waller|wordmaster,community-independent|waller-derived,2,吊革,つりかわ,N1,advanced-bundle,okurigana/orthography
釣り鐘,つりがね,N1,"{""N1"": 1}","{""community-independent"": ""N1""}",wordmaster,community-independent,1,釣鐘,つりがね,N1,advanced-bundle,okurigana/orthography
鉄片,てっぺん,N1,"{""N1"": 1}","{""waller-derived"": ""N1""}",openjlpt|waller,waller-derived,1,てっぺん,てっぺん,N1,runtime-core,kana-spelling-weak
手引,てびき,N1,"{""N1"": 1}","{""community-independent"": ""N1""}",wordmaster,community-independent,1,手引き,てびき,N1,advanced-bundle,okurigana/orthography
出入口,でいりぐち,N2,"{""N2"": 2}","{""community-independent"": ""N2"", ""waller-derived"": ""N2""}",openjlpt|waller|wordmaster,community-independent|waller-derived,2,出入り口,でいりぐち,N3,runtime-core,okurigana/orthography
到頭,とうとう,N4,"{""N4"": 1}","{""waller-derived"": ""N4""}",waller,waller-derived,1,とうとう,とうとう,N3,runtime-core,kana-spelling-weak
年寄,としより,N3,"{""N3"": 2}","{""community-independent"": ""N3"", ""waller-derived"": ""N3""}",openjlpt|waller|wordmaster,community-independent|waller-derived,2,年寄り,としより,N3,runtime-core,okurigana/orthography
疾っくに,とっくに,N1,"{""N1"": 1}","{""waller-derived"": ""N1""}",openjlpt|waller,waller-derived,1,とっくに,とっくに,N2,runtime-core,kana-spelling-weak
迚も,とても,N1,"{""N1"": 1}","{""waller-derived"": ""N1""}",openjlpt|waller,waller-derived,1,とても,とても,N5,runtime-core,kana-spelling-weak
届,とどけ,N1,"{""N1"": 1}","{""community-independent"": ""N1""}",wordmaster,community-independent,1,届け,とどけ,N3,runtime-core,okurigana/orthography
留まる,とどまる,N2,"{""N2"": 2}","{""community-independent"": ""N2"", ""waller-derived"": ""N2""}",openjlpt|waller|wordmaster,community-independent|waller-derived,2,とどまる,とどまる,N1,runtime-core,kana-spelling-weak
止める,とどめる,N1,"{""N1"": 2}","{""community-independent"": ""N1"", ""waller-derived"": ""N1""}",openjlpt|waller|wordmaster,community-independent|waller-derived,2,とどめる,とどめる,N2,runtime-core,kana-spelling-weak
兎に角,とにかく,N1,"{""N1"": 1}","{""waller-derived"": ""N1""}",openjlpt|waller,waller-derived,1,とにかく,とにかく,N3,runtime-core,kana-spelling-weak
兎も角,ともかく,N1,"{""N1"": 1}","{""waller-derived"": ""N1""}",openjlpt|waller,waller-derived,1,ともかく,ともかく,N2,runtime-core,kana-spelling-weak
捕える,とらえる,N2,"{""N2"": 2}","{""community-independent"": ""N2"", ""waller-derived"": ""N2""}",openjlpt|waller|wordmaster,community-independent|waller-derived,2,捕らえる,とらえる,N2,runtime-core,okurigana/orthography
トランジスター,トランジスター,N1,"{""N1"": 2}","{""community-independent"": ""N1"", ""waller-derived"": ""N1""}",waller|wordmaster,community-independent|waller-derived,2,トランジスタ,トランジスタ,N1,advanced-bundle,kana/long-mark
取扱,とりあつかい,N1,"{""N1"": 1}","{""community-independent"": ""N1""}",wordmaster,community-independent,1,取り扱い,とりあつかい,N2,runtime-core,okurigana/orthography
取締り,とりしまり,N1,"{""N1"": 1}","{""community-independent"": ""N1""}",wordmaster,community-independent,1,取り締まり,とりしまり,N1,runtime-core,okurigana/orthography
副,とりわけ,N1,"{""N1"": 2}","{""community-independent"": ""N1"", ""waller-derived"": ""N1""}",openjlpt|wordmaster,community-independent|waller-derived,2,とりわけ,とりわけ,N2,runtime-core,kana-spelling-weak
取り分,とりわけ,N1,"{""N1"": 1}","{""waller-derived"": ""N1""}",openjlpt,waller-derived,1,取り分け,とりわけ,N1,advanced-bundle,okurigana/orthography
捕る,とる,N2,"{""N2"": 2}","{""community-independent"": ""N2"", ""waller-derived"": ""N2""}",openjlpt|waller|wordmaster,community-independent|waller-derived,2,トール,トール,N1,advanced-bundle,kana-spelling-weak
蕩ける,とろける,N1,"{""N1"": 1}","{""waller-derived"": ""N1""}",openjlpt|waller,waller-derived,1,とろける,とろける,N1,advanced-bundle,kana-spelling-weak
屯,トン,N3,"{""N3"": 1}","{""waller-derived"": ""N3""}",waller,waller-derived,1,トン|トーン,トン|トーン,N1|N3,advanced-bundle|runtime-core,kana-spelling-weak
働,どう,N1,"{""N1"": 1}","{""waller-derived"": ""N1""}",openjlpt|waller,waller-derived,1,どう,どう,N5,runtime-core,kana-spelling-weak
如何,どう,N5,"{""N5"": 1}","{""waller-derived"": ""N5""}",waller,waller-derived,1,どう,どう,N5,runtime-core,kana-spelling-weak
如何して,どうして,N1,"{""N1"": 1}","{""waller-derived"": ""N1""}",openjlpt|waller,waller-derived,1,どうして,どうして,N5,runtime-core,kana-spelling-weak
如何しても,どうしても,N1,"{""N1"": 1}","{""waller-derived"": ""N1""}",openjlpt|waller,waller-derived,1,どうしても,どうしても,N3,runtime-core,kana-spelling-weak
何卒,どうぞ,N1,"{""N1"": 1}","{""waller-derived"": ""N1""}",openjlpt,waller-derived,1,どうぞ,どうぞ,N5,runtime-core,kana-spelling-weak
何処か,どこか,N1,"{""N1"": 1}","{""waller-derived"": ""N1""}",openjlpt|waller,waller-derived,1,どこか,どこか,N5,runtime-core,kana-spelling-weak
何方,どちら,N1,"{""N1"": 1}","{""waller-derived"": ""N1""}",openjlpt|waller,waller-derived,1,どちら,どちら,N5,runtime-core,kana-spelling-weak
何方,どなた,N1,"{""N1"": 1}","{""waller-derived"": ""N1""}",waller,waller-derived,1,どなた,どなた,N5,runtime-core,kana-spelling-weak
何の,どの,N5,"{""N5"": 1}","{""waller-derived"": ""N5""}",openjlpt|waller,waller-derived,1,どの,どの,N5,runtime-core,kana-spelling-weak
何れ,どれ,N1,"{""N1"": 1}","{""waller-derived"": ""N1""}",waller,waller-derived,1,どれ,どれ,N5,runtime-core,kana-spelling-weak
中々,なかなか,N4,"{""N4"": 2}","{""community-independent"": ""N4"", ""waller-derived"": ""N4""}",openjlpt|waller|wordmaster,community-independent|waller-derived,2,なかなか,なかなか,N4,runtime-core,kana-spelling-weak
中程,なかほど,N1,"{""N1"": 2}","{""community-independent"": ""N1"", ""waller-derived"": ""N1""}",openjlpt|waller|wordmaster,community-independent|waller-derived,2,なかほど,なかほど,N1,advanced-bundle,kana-spelling-weak
情深い,なさけぶかい,N1,"{""N1"": 1}","{""community-independent"": ""N1""}",wordmaster,community-independent,1,情け深い,なさけぶかい,N1,advanced-bundle,okurigana/orthography
為さる,なさる,N1,"{""N1"": 1}","{""waller-derived"": ""N1""}",openjlpt|waller,waller-derived,1,なさる,なさる,N4,runtime-core,kana-spelling-weak
謎謎,なぞなぞ,N2,"{""N2"": 2}","{""community-independent"": ""N2"", ""waller-derived"": ""N2""}",openjlpt|waller|wordmaster,community-independent|waller-derived,2,なぞなぞ,なぞなぞ,N1,advanced-bundle,kana-spelling-weak
傾らか,なだらか,N2,"{""N2"": 1}","{""community-independent"": ""N2""}",wordmaster,community-independent,1,なだらか,なだらか,N2,runtime-core,kana-spelling-weak
等,など,N3,"{""N3"": 1}","{""waller-derived"": ""N3""}",openjlpt|waller,waller-derived,1,など,など,N5,runtime-core,kana-spelling-weak
嘗める,なめる,N1,"{""N1"": 2}","{""community-independent"": ""N1"", ""waller-derived"": ""N1""}",openjlpt|waller|wordmaster,community-independent|waller-derived,2,なめる,なめる,N3,runtime-core,kana-spelling-weak
為る,なる,N3,"{""N3"": 1}","{""waller-derived"": ""N3""}",waller,waller-derived,1,なる,なる,N4,runtime-core,kana-spelling-weak
馴々しい,なれなれしい,N1,"{""N1"": 1}","{""community-independent"": ""N1""}",wordmaster,community-independent,1,なれなれしい,なれなれしい,N1,runtime-core,kana-spelling-weak
面皰,にきび,N1,"{""N1"": 1}","{""waller-derived"": ""N1""}",openjlpt|waller,waller-derived,1,にきび,にきび,N1,advanced-bundle,kana-spelling-weak
にも拘らず,にもかかわらず,N1,"{""N1"": 1}","{""waller-derived"": ""N1""}",openjlpt|waller,waller-derived,1,にもかかわらず,にもかかわらず,N2,runtime-core,kana-spelling-weak
入院,にゅういんする,N4,"{""N4"": 2}","{""community-independent"": ""N4"", ""waller-derived"": ""N4""}",openjlpt|wordmaster,community-independent|waller-derived,2,入院,にゅういん,N4,runtime-core,suru-reading-alias
入学,にゅうがくする,N4,"{""N4"": 2}","{""community-independent"": ""N4"", ""waller-derived"": ""N4""}",openjlpt|wordmaster,community-independent|waller-derived,2,入学,にゅうがく,N4,runtime-core,suru-reading-alias
俄か,にわか,N1,"{""N1"": 1}","{""waller-derived"": ""N1""}",openjlpt|waller,waller-derived,1,俄,にわか,N2,advanced-bundle,okurigana/orthography
捻子,ねじ,N1,"{""N1"": 1}","{""waller-derived"": ""N1""}",openjlpt|waller,waller-derived,1,ねじ|ネジ,ねじ|ネジ,N2,advanced-bundle|runtime-core,kana-spelling-weak
捻じれる,ねじれる,N1,"{""N1"": 1}","{""waller-derived"": ""N1""}",openjlpt|waller,waller-derived,1,捻れる,ねじれる,N1,advanced-bundle,okurigana/orthography
寝巻,ねまき,N2,"{""N2"": 2}","{""community-independent"": ""N2"", ""waller-derived"": ""N2""}",openjlpt|waller|wordmaster,community-independent|waller-derived,2,寝巻き,ねまき,N2,advanced-bundle,okurigana/orthography
軒並,のきなみ,N1,"{""N1"": 1}","{""community-independent"": ""N1""}",wordmaster,community-independent,1,軒並み,のきなみ,N1,advanced-bundle,okurigana/orthography
乗換,のりかえ,N2,"{""N2"": 2}","{""community-independent"": ""N2"", ""waller-derived"": ""N2""}",openjlpt|waller|wordmaster,community-independent|waller-derived,2,乗り換え,のりかえ,N3,runtime-core,okurigana/orthography
～敗,はい,N3,"{""N3"": 1}","{""community-independent"": ""N3""}",wordmaster,community-independent,1,敗,はい,N2,runtime-core,okurigana/orthography
拝見,はいけんする,N4,"{""N4"": 2}","{""community-independent"": ""N4"", ""waller-derived"": ""N4""}",openjlpt|wordmaster,community-independent|waller-derived,2,拝見,はいけん,N3,runtime-core,suru-reading-alias
果ない,はかない,N1,"{""N1"": 1}","{""waller-derived"": ""N1""}",openjlpt|waller,waller-derived,1,はかない,はかない,N1,runtime-core,kana-spelling-weak
剥す,はがす,N2,"{""N2"": 2}","{""community-independent"": ""N2"", ""waller-derived"": ""N2""}",openjlpt|waller|wordmaster,community-independent|waller-derived,2,剥がす,はがす,N2,advanced-bundle,okurigana/orthography
初め/始め,はじめ,N5,"{""N5"": 1}","{""waller-derived"": ""N5""}",openjlpt,waller-derived,1,はじめ,はじめ,N1,advanced-bundle,kana-spelling-weak
初め; 始め,はじめ,N5,"{""N5"": 1}","{""community-independent"": ""N5""}",wordmaster,community-independent,1,はじめ,はじめ,N1,advanced-bundle,kana-spelling-weak
筈,はず,N4,"{""N4"": 1}","{""waller-derived"": ""N4""}",openjlpt|waller,waller-derived,1,はず,はず,N3,runtime-core,kana-spelling-weak
果して,はたして,N2,"{""N2"": 2}","{""community-independent"": ""N2"", ""waller-derived"": ""N2""}",openjlpt|waller|wordmaster,community-independent|waller-derived,2,果たして,はたして,N2,runtime-core,okurigana/orthography
話合い,はなしあい,N2,"{""N2"": 2}","{""community-independent"": ""N2"", ""waller-derived"": ""N2""}",openjlpt|waller|wordmaster,community-independent|waller-derived,2,話し合い,はなしあい,N3,runtime-core,okurigana/orthography
填まる,はまる,N1,"{""N1"": 1}","{""waller-derived"": ""N1""}",openjlpt|waller,waller-derived,1,はまる,はまる,N2,runtime-core,kana-spelling-weak
歯磨,はみがき,N1,"{""N1"": 1}","{""waller-derived"": ""N1""}",openjlpt|waller,waller-derived,1,歯磨き,はみがき,N3,runtime-core,okurigana/orthography
填める,はめる,N1,"{""N1"": 1}","{""waller-derived"": ""N1""}",openjlpt|waller,waller-derived,1,はめる,はめる,N1,runtime-core,kana-spelling-weak
流行,はやり,N1,"{""N1"": 1}","{""waller-derived"": ""N1""}",openjlpt|waller,waller-derived,1,流行[はや]り|流行り,はやり,N1|N2,advanced-bundle|runtime-core,okurigana/orthography
発条,ばね,N1,"{""N1"": 1}","{""waller-derived"": ""N1""}",openjlpt|waller,waller-derived,1,ばね,ばね,N1,runtime-core,kana-spelling-weak
散蒔く,ばらまく,N1,"{""N1"": 1}","{""waller-derived"": ""N1""}",openjlpt|waller,waller-derived,1,ばらまく,ばらまく,N1,advanced-bundle,kana-spelling-weak
判,ばん,N1,"{""N1"": 1}","{""waller-derived"": ""N1""}",waller,waller-derived,1,バン,バン,N3,advanced-bundle,kana-spelling-weak
控室,ひかえしつ,N1,"{""N1"": 2}","{""community-independent"": ""N1"", ""waller-derived"": ""N1""}",openjlpt|waller|wordmaster,community-independent|waller-derived,2,控え室,ひかえしつ,N1,runtime-core,okurigana/orthography
引受る,ひきうける,N2,"{""N2"": 2}","{""community-independent"": ""N2"", ""waller-derived"": ""N2""}",openjlpt|waller|wordmaster,community-independent|waller-derived,2,引き受ける,ひきうける,N3,runtime-core,okurigana/orthography
引返す,ひきかえす,N2,"{""N2"": 1}","{""waller-derived"": ""N2""}",openjlpt|waller,waller-derived,1,引き返す,ひきかえす,N2,runtime-core,okurigana/orthography
引算,ひきざん,N2,"{""N2"": 2}","{""community-independent"": ""N2"", ""waller-derived"": ""N2""}",openjlpt|waller|wordmaster,community-independent|waller-derived,2,引き算,ひきざん,N2,advanced-bundle,okurigana/orthography
引出す,ひきだす,N2,"{""N2"": 1}","{""waller-derived"": ""N2""}",openjlpt|waller,waller-derived,1,引き出す,ひきだす,N3,runtime-core,okurigana/orthography
引取る,ひきとる,N1,"{""N1"": 1}","{""community-independent"": ""N1""}",wordmaster,community-independent,1,引き取る,ひきとる,N2,runtime-core,okurigana/orthography
引分け,ひきわけ,N2,"{""N2"": 2}","{""community-independent"": ""N2"", ""waller-derived"": ""N2""}",openjlpt|waller|wordmaster,community-independent|waller-derived,2,引き分け,ひきわけ,N2,advanced-bundle,okurigana/orthography
一向,ひたすら,N1,"{""N1"": 1}","{""waller-derived"": ""N1""}",openjlpt|waller,waller-derived,1,ひたすら,ひたすら,N2,runtime-core,kana-spelling-weak
引越し,ひっこし,N3,"{""N2"": 1, ""N3"": 1}","{""community-independent"": ""N3"", ""waller-derived"": ""N2""}",openjlpt|waller|wordmaster,community-independent|waller-derived,2,引っ越し,ひっこし,N4,runtime-core,okurigana/orthography
人差指,ひとさしゆび,N2,"{""N2"": 2}","{""community-independent"": ""N2"", ""waller-derived"": ""N2""}",openjlpt|waller|wordmaster,community-independent|waller-derived,2,人差し指,ひとさしゆび,N3,runtime-core,okurigana/orthography
一まず,ひとまず,N1,"{""N1"": 1}","{""waller-derived"": ""N1""}",openjlpt|waller,waller-derived,1,ひとまず,ひとまず,N1,runtime-core,kana-spelling-weak
一人でに,ひとりでに,N1,"{""N1"": 1}","{""waller-derived"": ""N1""}",openjlpt|waller,waller-derived,1,ひとりでに,ひとりでに,N2,runtime-core,kana-spelling-weak
雛,ひな,N1,"{""N1"": 2}","{""community-independent"": ""N1"", ""waller-derived"": ""N1""}",openjlpt|waller|wordmaster,community-independent|waller-derived,2,雛[ひな],ひな,N1,runtime-core,okurigana/orthography
雛祭,ひなまつり,N1,"{""N1"": 1}","{""community-independent"": ""N1""}",wordmaster,community-independent,1,雛祭り,ひなまつり,N1,advanced-bundle,okurigana/orthography
昼御飯,ひるごはん,N5,"{""N5"": 2}","{""community-independent"": ""N5"", ""waller-derived"": ""N5""}",openjlpt|waller|wordmaster,community-independent|waller-derived,2,昼ご飯,ひるごはん,N5,runtime-core,okurigana/orthography
吃驚,びっくり,N1,"{""N1"": 1}","{""waller-derived"": ""N1""}",openjlpt|waller,waller-derived,1,びっくり,びっくり,N4,runtime-core,kana-spelling-weak
瓶詰,びんづめ,N2,"{""N2"": 2}","{""community-independent"": ""N2"", ""waller-derived"": ""N2""}",openjlpt|waller|wordmaster,community-independent|waller-derived,2,瓶詰め,びんづめ,N2,advanced-bundle,okurigana/orthography
フィルタ,フィルタ,N1,"{""N1"": 1}","{""community-independent"": ""N1""}",wordmaster,community-independent,1,フィルター,フィルター,N1,runtime-core,kana/long-mark
不山戯る,ふざける,N1,"{""N1"": 1}","{""waller-derived"": ""N1""}",openjlpt,waller-derived,1,ふざける,ふざける,N1,runtime-core,kana-spelling-weak
不図,ふと,N3,"{""N3"": 1}","{""waller-derived"": ""N3""}",openjlpt|waller,waller-derived,1,ふと,ふと,N3,runtime-core,kana-spelling-weak
古里,ふるさと,N2,"{""N2"": 1}","{""community-independent"": ""N2""}",wordmaster,community-independent,1,ふるさと,ふるさと,N3,runtime-core,kana-spelling-weak
振舞う,ふるまう,N2,"{""N2"": 2}","{""community-independent"": ""N2"", ""waller-derived"": ""N2""}",openjlpt|waller|wordmaster,community-independent|waller-derived,2,振る舞う,ふるまう,N2,runtime-core,okurigana/orthography
打付ける,ぶつける,N1,"{""N1"": 1}","{""waller-derived"": ""N1""}",openjlpt|waller,waller-derived,1,ぶつける,ぶつける,N3,runtime-core,kana-spelling-weak
勉強,べんきょうする,N5,"{""N5"": 1}","{""waller-derived"": ""N5""}",openjlpt,waller-derived,1,勉強,べんきょう,N5,runtime-core,suru-reading-alias
倣,ほう,N1,"{""N1"": 1}","{""waller-derived"": ""N1""}",openjlpt|waller,waller-derived,1,ほう,ほう,N1,advanced-bundle,kana-spelling-weak
宝器,ほうき,N1,"{""N1"": 1}","{""waller-derived"": ""N1""}",openjlpt|waller,waller-derived,1,ほうき,ほうき,N2,runtime-core,kana-spelling-weak
放送,ほうそうする,N4,"{""N4"": 2}","{""community-independent"": ""N4"", ""waller-derived"": ""N4""}",openjlpt|wordmaster,community-independent|waller-derived,2,放送,ほうそう,N3,runtime-core,suru-reading-alias
外,ほか,N3,"{""N3"": 2}","{""community-independent"": ""N3"", ""waller-derived"": ""N3""}",openjlpt|waller|wordmaster,community-independent|waller-derived,2,ほか,ほか,N5,runtime-core,kana-spelling-weak
辺り,ほとり,N1,"{""N1"": 1}","{""waller-derived"": ""N1""}",openjlpt|waller,waller-derived,1,辺,ほとり,N1,advanced-bundle,okurigana/orthography
保母,ほぼ,N1,"{""N1"": 1}","{""waller-derived"": ""N1""}",openjlpt|waller,waller-derived,1,ほぼ,ほぼ,N2,runtime-core,kana-spelling-weak
略,ほぼ,N3,"{""N3"": 1}","{""waller-derived"": ""N3""}",waller,waller-derived,1,ほぼ,ほぼ,N2,runtime-core,kana-spelling-weak
惚ける,ぼける,N1,"{""N1"": 1}","{""community-independent"": ""N1""}",wordmaster,community-independent,1,ぼける,ぼける,N1,runtime-core,kana-spelling-weak
坊っちゃん,ぼっちゃん,N2,"{""N2"": 2}","{""community-independent"": ""N2"", ""waller-derived"": ""N2""}",openjlpt|waller|wordmaster,community-independent|waller-derived,2,坊ちゃん,ぼっちゃん,N1,runtime-core,okurigana/orthography
前売,まえうり,N1,"{""N1"": 1}","{""community-independent"": ""N1""}",wordmaster,community-independent,1,前売り,まえうり,N2,runtime-core,okurigana/orthography
曲る,まがる,N5,"{""N5"": 2}","{""community-independent"": ""N5"", ""waller-derived"": ""N5""}",openjlpt|waller|wordmaster,community-independent|waller-derived,2,曲がる,まがる,N5,runtime-core,okurigana/orthography
真に,まことに,N1,"{""N1"": 1}","{""waller-derived"": ""N1""}",openjlpt|waller,waller-derived,1,まことに,まことに,N1,advanced-bundle,kana-spelling-weak
間誤付く,まごつく,N1,"{""N1"": 1}","{""waller-derived"": ""N1""}",waller,waller-derived,1,まごつく,まごつく,N1,advanced-bundle,kana-spelling-weak
況して,まして,N1,"{""N1"": 1}","{""waller-derived"": ""N1""}",openjlpt|waller,waller-derived,1,まして,まして,N3,runtime-core,kana-spelling-weak
跨がる,またがる,N1,"{""N1"": 1}","{""waller-derived"": ""N1""}",openjlpt|waller,waller-derived,1,跨る,またがる,N1,advanced-bundle,okurigana/orthography
区々,まちまち,N1,"{""N1"": 1}","{""waller-derived"": ""N1""}",openjlpt|waller,waller-derived,1,まちまち,まちまち,N1,runtime-core,kana-spelling-weak
祭,まつり,N3,"{""N3"": 2}","{""community-independent"": ""N3"", ""waller-derived"": ""N3""}",openjlpt|waller|wordmaster,community-independent|waller-derived,2,祭り,まつり,N4,runtime-core,okurigana/orthography
まと,まと,N1,"{""N1"": 1}","{""community-independent"": ""N1""}",wordmaster,community-independent,1,マート,マート,N1,advanced-bundle,kana/long-mark
纏め,まとめ,N1,"{""N1"": 2}","{""community-independent"": ""N1"", ""waller-derived"": ""N1""}",openjlpt|waller|wordmaster,community-independent|waller-derived,2,まとめ,まとめ,N1,runtime-core,kana-spelling-weak
間も無く,まもなく,N2,"{""N2"": 2}","{""community-independent"": ""N2"", ""waller-derived"": ""N2""}",openjlpt|waller|wordmaster,community-independent|waller-derived,2,まもなく,まもなく,N2,runtime-core,kana-spelling-weak
丸で,まるで,N1,"{""N1"": 1}","{""waller-derived"": ""N1""}",openjlpt|waller,waller-derived,1,まるで,まるで,N3,runtime-core,kana-spelling-weak
真中,まんなか,N4,"{""N4"": 2}","{""community-independent"": ""N4"", ""waller-derived"": ""N4""}",openjlpt|wordmaster,community-independent|waller-derived,2,真ん中,まんなか,N3,runtime-core,okurigana/orthography
見っともない,みっともない,N1,"{""N1"": 1}","{""waller-derived"": ""N1""}",openjlpt|waller,waller-derived,1,みっともない,みっともない,N1,runtime-core,kana-spelling-weak
見積り,みつもり,N1,"{""N1"": 1}","{""waller-derived"": ""N1""}",openjlpt|waller,waller-derived,1,見積もり,みつもり,N2,runtime-core,okurigana/orthography
見舞,みまい,N1,"{""N1"": 1}","{""waller-derived"": ""N1""}",openjlpt|waller,waller-derived,1,見舞い,みまい,N4,runtime-core,okurigana/orthography
見る 観る,みる,N5,"{""N5"": 1}","{""waller-derived"": ""N5""}",openjlpt,waller-derived,1,ミール,ミール,N1,advanced-bundle,kana-spelling-weak
観る,みる,N5,"{""N5"": 1}","{""waller-derived"": ""N5""}",waller,waller-derived,1,ミール,ミール,N1,advanced-bundle,kana-spelling-weak
向う,むかう,N2,"{""N2"": 1}","{""waller-derived"": ""N2""}",openjlpt|waller,waller-derived,1,向かう,むかう,N3,runtime-core,okurigana/orthography
目覚し,めざまし,N2,"{""N2"": 2}","{""community-independent"": ""N2"", ""waller-derived"": ""N2""}",openjlpt|waller|wordmaster,community-independent|waller-derived,2,目覚まし,めざまし,N3,runtime-core,okurigana/orthography
目覚しい,めざましい,N1,"{""N1"": 2}","{""community-independent"": ""N1"", ""waller-derived"": ""N1""}",openjlpt|waller|wordmaster,community-independent|waller-derived,2,目覚ましい,めざましい,N1,runtime-core,okurigana/orthography
愛でたい,めでたい,N1,"{""N1"": 1}","{""waller-derived"": ""N1""}",openjlpt|waller,waller-derived,1,めでたい,めでたい,N3,runtime-core,kana-spelling-weak
目途,めど,N1,"{""N1"": 1}","{""community-independent"": ""N1""}",wordmaster,community-independent,1,めど,めど,N1,runtime-core,kana-spelling-weak
目盛,めもり,N1,"{""N1"": 2}","{""community-independent"": ""N1"", ""waller-derived"": ""N1""}",openjlpt|waller|wordmaster,community-independent|waller-derived,2,目盛り,めもり,N1,advanced-bundle,okurigana/orthography
申込,もうしこみ,N1,"{""N1"": 1}","{""community-independent"": ""N1""}",wordmaster,community-independent,1,申し込み,もうしこみ,N3,runtime-core,okurigana/orthography
申出,もうしで,N1,"{""N1"": 2}","{""community-independent"": ""N1"", ""waller-derived"": ""N1""}",openjlpt|waller|wordmaster,community-independent|waller-derived,2,申し出,もうしで,N1,advanced-bundle,okurigana/orthography
藻掻く,もがく,N1,"{""N1"": 1}","{""waller-derived"": ""N1""}",openjlpt|waller,waller-derived,1,もがく,もがく,N1,runtime-core,kana-spelling-weak
若し,もし,N1,"{""N1"": 1}","{""waller-derived"": ""N1""}",openjlpt|waller,waller-derived,1,もし,もし,N4,runtime-core,kana-spelling-weak
齎らす,もたらす,N1,"{""N1"": 1}","{""waller-derived"": ""N1""}",openjlpt|waller,waller-derived,1,もたらす,もたらす,N2,runtime-core,kana-spelling-weak
物体ない,もったいない,N1,"{""N1"": 1}","{""waller-derived"": ""N1""}",openjlpt|waller,waller-derived,1,もったいない,もったいない,N3,runtime-core,kana-spelling-weak
物置き,ものおき,N1,"{""N1"": 1}","{""waller-derived"": ""N1""}",openjlpt|waller,waller-derived,1,物置,ものおき,N1,runtime-core,okurigana/orthography
股,もも,N1,"{""N1"": 1}","{""community-independent"": ""N1""}",wordmaster,community-independent,1,もも,もも,N1,runtime-core,kana-spelling-weak
腿,もも,N1,"{""N1"": 2}","{""community-independent"": ""N1"", ""waller-derived"": ""N1""}",openjlpt|waller|wordmaster,community-independent|waller-derived,2,もも,もも,N1,runtime-core,kana-spelling-weak
諸に,もろに,N1,"{""N1"": 1}","{""waller-derived"": ""N1""}",waller,waller-derived,1,もろに,もろに,N1,advanced-bundle,kana-spelling-weak
哉,や,N1,"{""N1"": 1}","{""waller-derived"": ""N1""}",openjlpt,waller-derived,1,や,や,N1,advanced-bundle,kana-spelling-weak
軈て,やがて,N1,"{""N1"": 1}","{""waller-derived"": ""N1""}",openjlpt|waller,waller-derived,1,やがて,やがて,N2,runtime-core,kana-spelling-weak
矢鱈,やたら,N1,"{""N1"": 1}","{""waller-derived"": ""N1""}",waller,waller-derived,1,やたら,やたら,N1,runtime-core,kana-spelling-weak
やっ付ける,やっつける,N1,"{""N1"": 1}","{""waller-derived"": ""N1""}",openjlpt|waller,waller-derived,1,やっつける,やっつける,N1,advanced-bundle,kana-spelling-weak
矢っ張り,やっぱり,N1,"{""N1"": 1}","{""waller-derived"": ""N1""}",openjlpt|waller,waller-derived,1,やっぱり,やっぱり,N4,runtime-core,kana-spelling-weak
稍,やや,N1,"{""N1"": 1}","{""waller-derived"": ""N1""}",openjlpt|waller,waller-derived,1,やや,やや,N2,runtime-core,kana-spelling-weak
遣る,やる,N5,"{""N5"": 1}","{""waller-derived"": ""N5""}",openjlpt|waller,waller-derived,1,やる,やる,N5,runtime-core,kana-spelling-weak
昨夜,ゆうべ,N5,"{""N5"": 2}","{""community-independent"": ""N5"", ""waller-derived"": ""N5""}",openjlpt|waller|wordmaster,community-independent|waller-derived,2,ゆうべ,ゆうべ,N5,runtime-core,kana-spelling-weak
輸出,ゆしゅつする,N4,"{""N4"": 2}","{""community-independent"": ""N4"", ""waller-derived"": ""N4""}",openjlpt|wordmaster,community-independent|waller-derived,2,輸出,ゆしゅつ,N4,runtime-core,suru-reading-alias
輸入,ゆにゅうする,N4,"{""N4"": 1}","{""waller-derived"": ""N4""}",openjlpt,waller-derived,1,輸入,ゆにゅう,N4,runtime-core,suru-reading-alias
漸く,ようやく,N2,"{""N2"": 2}","{""community-independent"": ""N2"", ""waller-derived"": ""N2""}",openjlpt|waller|wordmaster,community-independent|waller-derived,2,ようやく,ようやく,N3,runtime-core,kana-spelling-weak
寄こす,よこす,N1,"{""N1"": 1}","{""waller-derived"": ""N1""}",openjlpt,waller-derived,1,よこす,よこす,N1,runtime-core,kana-spelling-weak
良し,よし,N1,"{""N1"": 1}","{""community-independent"": ""N1""}",wordmaster,community-independent,1,よし,よし,N1,advanced-bundle,kana-spelling-weak
葦,よし,N1,"{""N1"": 1}","{""waller-derived"": ""N1""}",openjlpt|waller,waller-derived,1,よし,よし,N1,advanced-bundle,kana-spelling-weak
善し悪し,よしあし,N1,"{""N1"": 2}","{""community-independent"": ""N1"", ""waller-derived"": ""N1""}",openjlpt|waller|wordmaster,community-independent|waller-derived,2,善し悪[あ]し,よしあし,N1,runtime-core,okurigana/orthography
依って,よって,N1,"{""N1"": 1}","{""waller-derived"": ""N1""}",openjlpt|waller,waller-derived,1,よって,よって,N1,advanced-bundle,kana-spelling-weak
夜更し,よふかし,N1,"{""N1"": 1}","{""community-independent"": ""N1""}",wordmaster,community-independent,1,夜更かし,よふかし,N1,advanced-bundle,okurigana/orthography
因る,よる,N3,"{""N3"": 2}","{""community-independent"": ""N3"", ""waller-derived"": ""N3""}",openjlpt|waller|wordmaster,community-independent|waller-derived,2,よる,よる,N5,runtime-core,kana-spelling-weak
宜しく,よろしく,N3,"{""N3"": 1}","{""waller-derived"": ""N3""}",openjlpt|waller,waller-derived,1,よろしく,よろしく,N5,runtime-core,kana-spelling-weak
レクリェーション,レクリェーション,N2,"{""N2"": 2}","{""community-independent"": ""N2"", ""waller-derived"": ""N2""}",waller|wordmaster,community-independent|waller-derived,2,レクリエーション,レクリエーション,N2,runtime-core,kana/long-mark
練習,れんしゅうする,N5,"{""N5"": 1}","{""waller-derived"": ""N5""}",openjlpt,waller-derived,1,練習,れんしゅう,N5,runtime-core,suru-reading-alias
碌に,ろくに,N1,"{""N1"": 1}","{""waller-derived"": ""N1""}",openjlpt|waller,waller-derived,1,ろくに,ろくに,N1,runtime-core,kana-spelling-weak
ロープウエイ,ロープウエイ,N1,"{""N1"": 1}","{""community-independent"": ""N1""}",wordmaster,community-independent,1,ロープウェイ,ロープウェイ,N1,advanced-bundle,kana/long-mark
分る,わかる,N2,"{""N2"": 1}","{""waller-derived"": ""N2""}",openjlpt|waller,waller-derived,1,分かる,わかる,N5,runtime-core,okurigana/orthography
我がまま,わがまま,N1,"{""N1"": 1}","{""waller-derived"": ""N1""}",openjlpt|waller,waller-derived,1,わがまま,わがまま,N2,runtime-core,kana-spelling-weak
態と,わざと,N1,"{""N1"": 1}","{""waller-derived"": ""N1""}",openjlpt|waller,waller-derived,1,わざと,わざと,N2,runtime-core,kana-spelling-weak
態々,わざわざ,N1,"{""N1"": 1}","{""waller-derived"": ""N1""}",openjlpt|waller,waller-derived,1,わざわざ,わざわざ,N2,runtime-core,kana-spelling-weak
割当,わりあて,N1,"{""N1"": 1}","{""community-independent"": ""N1""}",wordmaster,community-independent,1,割り当て,わりあて,N1,runtime-core,okurigana/orthography
割込む,わりこむ,N1,"{""N1"": 1}","{""community-independent"": ""N1""}",wordmaster,community-independent,1,割り込む,わりこむ,N2,runtime-core,okurigana/orthography
割算,わりざん,N2,"{""N2"": 2}","{""community-independent"": ""N2"", ""waller-derived"": ""N2""}",openjlpt|waller|wordmaster,community-independent|waller-derived,2,割り算,わりざん,N2,advanced-bundle,okurigana/orthography
割引き,わりびき,N1,"{""N1"": 1}","{""waller-derived"": ""N1""}",openjlpt|waller,waller-derived,1,割引,わりびき,N3,runtime-core,okurigana/orthography
