key,reading,written,level
あいかわらず|あいかわらず,あいかわらず,あいかわらず,N2
あいそう|愛想,あいそう,愛想,N1
あいまい|あいまい,あいまい,あいまい,N2
あかがね|銅,あかがね,銅,N1
あかちゃん|あかちゃん,あかちゃん,あかちゃん,N4
あき|明き,あき,明き,N2
あざ|あざ,あざ,あざ,N1
あたたまる|暖まる,あたたまる,暖まる,N3
あたり|当り,あたり,当り,N3
あたりまえ|あたりまえ,あたりまえ,あたりまえ,N2
あつまる|集る,あつまる,集る,N4
あつらえる|あつらえる,あつらえる,あつらえる,N1
あてはまる|あてはまる,あてはまる,あてはまる,N2
あてはめる|あてはめる,あてはめる,あてはめる,N2
あなた|貴女,あなた,貴女,N1
あびる|あびる,あびる,あびる,N5
あぶる|あぶる,あぶる,あぶる,N2
あみもの|編物,あみもの,編物,N2
あめつち|天地,あめつち,天地,N1
あらわれ|現われ,あらわれ,現われ,N1
あらわれる|現われる,あらわれる,現われる,N1
ありさま|有り様,ありさま,有り様,N1
ある|在る,ある,在る,N5
あわてる|あわてる,あわてる,あわてる,N2
あんまり|余り,あんまり,余り,N1
いえぬし|家主,いえぬし,家主,N1
いがむ|歪む,いがむ,歪む,N1
いき|行き,いき,行き,N3
いきがい|域外,いきがい,域外,N1
いきがい|生き甲斐,いきがい,生き甲斐,N1
いけない|いけない,いけない,いけない,N3
いける|活ける,いける,活ける,N1
いしぶみ|碑,いしぶみ,碑,N1
いたって|いたって,いたって,いたって,N1
いちげん|一言,いちげん,一言,N1
いちじつ|一日,いちじつ,一日,N1
いちにん|一人,いちにん,一人,N1
いちばん|いちばん,いちばん,いちばん,N5
いっせい|一斉,いっせい,一斉,N2
いってらっしゃい|いってらっしゃい,いってらっしゃい,いってらっしゃい,N2
いってらっしゃい|行ってらっしゃい,いってらっしゃい,行ってらっしゃい,N2
いつのまにか|いつのまにか,いつのまにか,いつのまにか,N3
いつのまにか|何時の間にか,いつのまにか,何時の間にか,N1
いやらしい|いやらしい,いやらしい,いやらしい,N1
いやらしい|厭らしい,いやらしい,厭らしい,N1
いらっしゃい|いらっしゃい,いらっしゃい,いらっしゃい,N3
いりくち|入口,いりくち,入口,N1
いりぐち|入口,いりぐち,入口,N5
いる|煎る,いる,煎る,N2
いん|員,いん,員,N1
うお|魚,うお,魚,N3
うかがう|うかがう,うかがう,うかがう,N4
うがい|含嗽,うがい,含嗽,N1
うけとり|受取,うけとり,受取,N2
うけもち|受持ち,うけもち,受持ち,N1
うしろ|後,うしろ,後,N3
うずまる|埋まる,うずまる,埋まる,N1
うつろ|空ろ,うつろ,空ろ,N1
うなる|うなる,うなる,うなる,N3
うぬぼれ|うぬぼれ,うぬぼれ,うぬぼれ,N1
うぬぼれ|自惚れ,うぬぼれ,自惚れ,N1
うまい|甘い,うまい,甘い,N1
うみじ|海路,うみじ,海路,N1
うむ|産む,うむ,産む,N3
うめぼし|梅干,うめぼし,梅干,N1
うりあげ|売上,うりあげ,売上,N2
うりだし|売り出し,うりだし,売り出し,N1
うんゆ|運輸,うんゆ,運輸,N1
えいわ|英和,えいわ,英和,N2
えん|園,えん,園,N1
えんずる|演ずる,えんずる,演ずる,N1
お|御,お,御,N3
おいかける|追い掛ける,おいかける,追い掛ける,N2
おいでになる|お出でになる,おいでになる,お出でになる,N1
おうしょく|黄色,おうしょく,黄色,N1
おうじょ|王女,おうじょ,王女,N2
おうずる|応ずる,おうずる,応ずる,N2
おおい|おおい,おおい,おおい,N1
おおげさ|おおげさ,おおげさ,おおげさ,N1
おかげさまで|お蔭様で,おかげさまで,お蔭様で,N1
おかねもち|お金持ち,おかねもち,お金持ち,N4
おきのどくに|おきのどくに,おきのどくに,おきのどくに,N2
おくさん|おくさん,おくさん,おくさん,N2
おこす|起す,おこす,起す,N4
おさえる|押える,おさえる,押える,N3
おさきに|おさきに,おさきに,おさきに,N2
おさきに|お先に,おさきに,お先に,N2
おさめる|治める,おさめる,治める,N3
おさん|お産,おさん,お産,N1
おしゃれ|おしゃれ,おしゃれ,おしゃれ,N2
おじ|伯父,おじ,伯父,N2
おじぎ|御辞儀,おじぎ,御辞儀,N2
おじさん|叔父さん,おじさん,叔父さん,N2
おじさん|小父さん,おじさん,小父さん,N2
おそらく|おそらく,おそらく,おそらく,N3
おたがい|お互い,おたがい,お互い,N3
おだいじに|おだいじに,おだいじに,おだいじに,N2
おちつく|落着く,おちつく,落着く,N2
おちば|落葉,おちば,落葉,N1
おちる|落る,おちる,落る,N4
おつり|おつり,おつり,おつり,N4
おてあらい|御手洗,おてあらい,御手洗,N2
おでかけ|お出掛け,おでかけ,お出掛け,N2
おとす|落す,おとす,落す,N4
おとなしい|おとなしい,おとなしい,おとなしい,N2
おとめ|少女,おとめ,少女,N1
おどかす|おどかす,おどかす,おどかす,N2
おはよう|お早う,おはよう,お早う,N1
おば|伯母,おば,伯母,N2
おばあさん|お祖母さん,おばあさん,お祖母さん,N1
おばさん|伯母さん,おばさん,伯母さん,N5
おばさん|叔母さん,おばさん,叔母さん,N2
おまたせしました|おまたせしました,おまたせしました,おまたせしました,N2
おまちどおさま|おまちどおさま,おまちどおさま,おまちどおさま,N2
おまわりさん|おまわりさん,おまわりさん,おまわりさん,N5
おみや|お宮,おみや,お宮,N1
おも|面,おも,面,N1
おやすみ|おやすみ,おやすみ,おやすみ,N2
おやすみ|お休み,おやすみ,お休み,N2
およぎ|泳ぎ,およぎ,泳ぎ,N3
おり|織,おり,織,N1
おる|居る,おる,居る,N3
おろす|下す,おろす,下す,N3
おろす|降ろす,おろす,降ろす,N3
おわり|終,おわり,終,N3
おわる|終る,おわる,終る,N5
おんぶ|おんぶ,おんぶ,おんぶ,N1
かいどう|街道,かいどう,街道,N1
かえる|反る,かえる,反る,N3
かおつき|顔付き,かおつき,顔付き,N1
かかと|かかと,かかと,かかと,N1
かかり|係り,かかり,係り,N1
かかる|かかる,かかる,かかる,N5
かかわる|係わる,かかわる,係わる,N2
かきとり|書き取り,かきとり,書き取り,N1
かきとり|書取,かきとり,書取,N2
かく|画,かく,画,N1
かけ|賭,かけ,賭,N1
かげつ|ヶ月,かげつ,ヶ月,N1
かごう|化合,かごう,化合,N1
かさばる|かさばる,かさばる,かさばる,N1
かしこまりました|かしこまりました,かしこまりました,かしこまりました,N2
かしこまりました|畏まりました,かしこまりました,畏まりました,N1
かしょ|個所,かしょ,個所,N2
かしら|頭,かしら,頭,N1
かじょうがき|箇条書,かじょうがき,箇条書,N1
かじる|噛る,かじる,噛る,N1
かする|擦る,かする,擦る,N1
かせん|化繊,かせん,化繊,N1
かた|過多,かた,過多,N1
かたぎ|気質,かたぎ,気質,N1
かたよる|片寄る,かたよる,片寄る,N2
かてい|課程,かてい,課程,N3
かねて|兼ねて,かねて,兼ねて,N1
かぶれる|かぶれる,かぶれる,かぶれる,N1
かめ|瓶,かめ,瓶,N1
かもしれない|かもしれない,かもしれない,かもしれない,N3
からだ|身体,からだ,身体,N1
かりに|かりに,かりに,かりに,N1
かるた|かるた,かるた,かるた,N2
かれら|彼等,かれら,彼等,N3
かろうじて|かろうじて,かろうじて,かろうじて,N1
かわ|側,かわ,側,N1
かわ|河,かわ,河,N5
かわいそう|可愛そう,かわいそう,可愛そう,N3
かわる|代る,かわる,代る,N3
かわるがわる|代る代る,かわるがわる,代る代る,N1
かん|冠,かん,冠,N1
かんしゅう|観衆,かんしゅう,観衆,N1
かんせつ|間接,かんせつ,間接,N2
かんせん|幹線,かんせん,幹線,N1
がち|雅致,がち,雅致,N1
がる|がる,がる,がる,N1
がんか|眼科,がんか,眼科,N1
がんきゅう|眼球,がんきゅう,眼球,N1
がんぶつ|贋物,がんぶつ,贋物,N1
きかん|季刊,きかん,季刊,N3
きしむ|きしむ,きしむ,きしむ,N1
きじゅん|規準,きじゅん,規準,N2
きすう|奇数,きすう,奇数,N1
きせん|汽船,きせん,汽船,N1
きそう|寄贈,きそう,寄贈,N1
きづく|気付く,きづく,気付く,N3
きはい|気配,きはい,気配,N1
きふう|気風,きふう,気風,N1
きまりわるい|きまりわるい,きまりわるい,きまりわるい,N1
きゃっかん|客観,きゃっかん,客観,N1
きゅうがく|休学,きゅうがく,休学,N1
きゅうせん|休戦,きゅうせん,休戦,N1
きゅうち|旧知,きゅうち,旧知,N1
きょうがく|共学,きょうがく,共学,N1
きょうさん|共産,きょうさん,共産,N1
きょうだい|姉妹,きょうだい,姉妹,N1
きょく|局,きょく,局,N3
きょくげん|局限,きょくげん,局限,N1
きらびやか|きらびやか,きらびやか,きらびやか,N1
きりかえ|切替,きりかえ,切替,N1
きる|斬る,きる,斬る,N2
きれい|奇麗,きれい,奇麗,N1
きわた|木綿,きわた,木綿,N1
きんきん|近々,きんきん,近々,N1
きんずる|禁ずる,きんずる,禁ずる,N1
きんよう|金曜,きんよう,金曜,N3
ぎじどう|議事堂,ぎじどう,議事堂,N1
く|九,く,九,N5
くぐる|くぐる,くぐる,くぐる,N1
くじ|旧事,くじ,旧事,N1
くじびき|くじびき,くじびき,くじびき,N1
くじびき|籤引,くじびき,籤引,N1
くにざかい|国境,くにざかい,国境,N1
くみあわせ|組合せ,くみあわせ,組合せ,N2
くもり|曇,くもり,曇,N3
くわえる|咥える,くわえる,咥える,N3
くん|訓,くん,訓,N3
ぐらい|ぐらい,ぐらい,ぐらい,N1
けい|刑,けい,刑,N3
けいようし|形容詞,けいようし,形容詞,N2
けがす|汚す,けがす,汚す,N1
けがらわしい|けがらわしい,けがらわしい,けがらわしい,N1
けだもの|獣,けだもの,獣,N1
けつ|決,けつ,決,N1
げい|芸,げい,芸,N1
げつよう|月曜,げつよう,月曜,N3
げんしょ|原書,げんしょ,原書,N1
げんじょう|現場,げんじょう,現場,N1
げんろん|言論,げんろん,言論,N1
こう|請う,こう,請う,N2
こういん|行員,こういん,行員,N1
こうかい|航海,こうかい,航海,N3
こうしょう|高尚,こうしょう,高尚,N1
こうしん|行進,こうしん,行進,N1
こうぜん|公然,こうぜん,公然,N1
こうそう|抗争,こうそう,抗争,N1
こうたい|交替,こうたい,交替,N2
こうたい|後退,こうたい,後退,N1
こうち|耕地,こうち,耕地,N2
こうどく|購読,こうどく,購読,N1
こうよう|公用,こうよう,公用,N1
こくぼう|国防,こくぼう,国防,N1
ここ|箇箇,ここ,箇箇,N1
こしらえる|こしらえる,こしらえる,こしらえる,N2
こたえ|答,こたえ,答,N4
こたえる|堪える,こたえる,堪える,N1
こちらこそ|こちらこそ,こちらこそ,こちらこそ,N2
こないだ|こないだ,こないだ,こないだ,N2
このあいだ|このあいだ,このあいだ,このあいだ,N4
こむ|混む,こむ,混む,N1
こもる|篭る,こもる,篭る,N1
こらえる|こらえる,こらえる,こらえる,N2
こんにち|今日,こんにち,今日,N3
こんばんは|今晩は,こんばんは,今晩は,N1
ご|御,ご,御,N1
ごう|濠,ごう,濠,N1
ごうぎ|合議,ごうぎ,合議,N1
ごくろうさま|ごくろうさま,ごくろうさま,ごくろうさま,N2
ごくろうさま|ご苦労様,ごくろうさま,ご苦労様,N2
ごしゅじん|御主人,ごしゅじん,御主人,N4
ごちそう|御馳走,ごちそう,御馳走,N2
ごちそうさま|ごちそうさま,ごちそうさま,ごちそうさま,N2
ごちそうさま|ご馳走さま,ごちそうさま,ご馳走さま,N1
ごはん|御飯,ごはん,御飯,N5
ごらんになる|ごらんになる,ごらんになる,ごらんになる,N4
さい|歳,さい,歳,N1
さがる|下る,さがる,下る,N4
さきおととい|一昨昨日,さきおととい,一昨昨日,N2
さく|作,さく,作,N3
さく|昨,さく,昨,N3
さじ|些事,さじ,些事,N1
さす|射す,さす,射す,N3
さす|注す,さす,注す,N3
さなか|最中,さなか,最中,N1
さび|錆び,さび,錆び,N1
さみせん|三味線,さみせん,三味線,N1
さらう|拐う,さらう,拐う,N1
さわやか|さわやか,さわやか,さわやか,N2
さんきゅう|産休,さんきゅう,産休,N1
さんきょう|桟橋,さんきょう,桟橋,N1
さんご|産後,さんご,産後,N1
さんふじんか|産婦人科,さんふじんか,産婦人科,N1
ざいげん|財源,ざいげん,財源,N1
ざつぼく|雑木,ざつぼく,雑木,N1
しあげ|仕上,しあげ,仕上,N1
しあさって|明明後日,しあさって,明明後日,N2
しいん|しいん,しいん,しいん,N2
しかけ|仕掛,しかけ,仕掛,N1
しぎょう|施行,しぎょう,施行,N1
しくみ|仕組,しくみ,仕組,N1
しずく|雫,しずく,雫,N1
しそく|子息,しそく,子息,N1
しち|七,しち,七,N5
しっき|湿気,しっき,湿気,N2
しっぽ|しっぽ,しっぽ,しっぽ,N2
しにょう|屎尿,しにょう,屎尿,N1
しはらい|支払,しはらい,支払,N3
しばしば|屡,しばしば,屡,N1
しぼう|死亡,しぼう,死亡,N3
しぼむ|しぼむ,しぼむ,しぼむ,N2
しまい|仕舞,しまい,仕舞,N1
しめきり|締切,しめきり,締切,N2
しゃぶる|しゃぶる,しゃぶる,しゃぶる,N2
しゅうじゃく|執着,しゅうじゃく,執着,N1
しゅたい|主体,しゅたい,主体,N1
しゅび|守備,しゅび,守備,N1
しゆう|私有,しゆう,私有,N1
しょう|背負う,しょう,背負う,N1
しょうこう|消耗,しょうこう,消耗,N1
しょうずる|生ずる,しょうずる,生ずる,N2
しょしょ|所々,しょしょ,所々,N1
しょむ|庶務,しょむ,庶務,N1
しようにん|使用人,しようにん,使用人,N1
しんこん|新婚,しんこん,新婚,N1
しんずる|信ずる,しんずる,信ずる,N2
しんだい|寝台,しんだい,寝台,N2
しんど|進度,しんど,進度,N1
しんにん|信任,しんにん,信任,N1
しんばん|審判,しんばん,審判,N1
しんろ|針路,しんろ,針路,N2
じぎょう|地形,じぎょう,地形,N1
じしゅ|自首,じしゅ,自首,N1
じしょく|辞職,じしょく,辞職,N1
じゃあ|じゃあ,じゃあ,じゃあ,N5
じゃま|じゃま,じゃま,じゃま,N4
じゅう|住,じゅう,住,N3
じゅうじろ|十字路,じゅうじろ,十字路,N1
じゅうふく|重複,じゅうふく,重複,N1
じゅうほう|重宝,じゅうほう,重宝,N1
じゅんきゅう|準急,じゅんきゅう,準急,N1
じゅんずる|準ずる,じゅんずる,準ずる,N1
じょう|状,じょう,状,N1
じょうかく|乗客,じょうかく,乗客,N1
じょうしょ|情緒,じょうしょ,情緒,N1
じょうりゅう|蒸溜,じょうりゅう,蒸溜,N1
じょきょうじゅ|助教授,じょきょうじゅ,助教授,N2
じょし|女史,じょし,女史,N3
じんもく|人目,じんもく,人目,N1
すいき|水気,すいき,水気,N1
すいせん|水洗,すいせん,水洗,N3
すいでん|水田,すいでん,水田,N1
すいよう|水曜,すいよう,水曜,N2
すうはい|崇拝,すうはい,崇拝,N1
すぎ|過ぎ,すぎ,過ぎ,N1
すくなくとも|すくなくとも,すくなくとも,すくなくとも,N3
すぐに|すぐに,すぐに,すぐに,N5
すてき|すてき,すてき,すてき,N3
すます|清ます,すます,清ます,N1
すみやか|すみやか,すみやか,すみやか,N1
すむ|清む,すむ,清む,N3
する|剃る,する,剃る,N1
すれちがい|すれちがい,すれちがい,すれちがい,N1
すれちがう|すれちがう,すれちがう,すれちがう,N2
ずいぶん|ずいぶん,ずいぶん,ずいぶん,N4
ずらっと|ずらっと,ずらっと,ずらっと,N1
せい|制,せい,制,N1
せい|製,せい,製,N1
せいちょう|生長,せいちょう,生長,N3
せいてつ|製鉄,せいてつ,製鉄,N1
せがれ|伜,せがれ,伜,N1
せじ|世辞,せじ,世辞,N1
せっけん|せっけん,せっけん,せっけん,N5
せろん|世論,せろん,世論,N1
せんきょう|宣教,せんきょう,宣教,N1
せんさい|戦災,せんさい,戦災,N1
せんせい|専制,せんせい,専制,N2
せんせんげつ|先先月,せんせんげつ,先先月,N1
せんせんしゅう|先先週,せんせんしゅう,先先週,N1
せんぱく|船舶,せんぱく,船舶,N1
ぜい|税,ぜい,税,N3
ぜいむしょ|税務署,ぜいむしょ,税務署,N1
ぜん|膳,ぜん,膳,N3
ぜんしゅう|全集,ぜんしゅう,全集,N2
そうっと|そうっと,そうっと,そうっと,N2
そこなう|損う,そこなう,損う,N1
そっけない|素っ気無い,そっけない,素っ気無い,N1
そなわる|具わる,そなわる,具わる,N1
そのため|その為,そのため,その為,N1
そのほか|その外,そのほか,その外,N1
それと|それと,それと,それと,N3
それほど|其れ程,それほど,其れ程,N1
それゆえ|其れ故,それゆえ,其れ故,N1
ぞうしょう|蔵相,ぞうしょう,蔵相,N1
ぞうり|草履,ぞうり,草履,N2
ぞんずる|存ずる,ぞんずる,存ずる,N2
た|他,た,他,N3
たえる|堪える,たえる,堪える,N1
たきび|焚火,たきび,焚火,N1
たく|宅,たく,宅,N3
たしか|たしか,たしか,たしか,N3
ただ|唯,ただ,唯,N3
ただいま|ただいま,ただいま,ただいま,N2
たっとい|尊い,たっとい,尊い,N1
たっとい|貴い,たっとい,貴い,N1
たっとぶ|尊ぶ,たっとぶ,尊ぶ,N1
たて|たて,たて,たて,N5
たなごころ|掌,たなごころ,掌,N1
たびたび|たびたび,たびたび,たびたび,N3
たま|球,たま,球,N3
ためいき|溜息,ためいき,溜息,N2
たれ|たれ,たれ,たれ,N1
だい|第,だい,第,N1
だいぶん|大分,だいぶん,大分,N2
だらけ|だらけ,だらけ,だらけ,N1
ちかづく|近付く,ちかづく,近付く,N1
ちかづける|近付ける,ちかづける,近付ける,N2
ちちはは|父母,ちちはは,父母,N1
ちてん|地点,ちてん,地点,N2
ちゃわん|ちゃわん,ちゃわん,ちゃわん,N5
ちゅうかん|昼間,ちゅうかん,昼間,N1
ちゅうし|中指,ちゅうし,中指,N1
ちゅうしょう|抽象,ちゅうしょう,抽象,N2
ちゅうにん|仲人,ちゅうにん,仲人,N1
ちゅうはん|昼飯,ちゅうはん,昼飯,N1
ちょうたん|長短,ちょうたん,長短,N2
ちょうだい|ちょうだい,ちょうだい,ちょうだい,N3
ちょうだい|長大,ちょうだい,長大,N1
ちょうめ|丁目,ちょうめ,丁目,N1
ちりがみ|塵紙,ちりがみ,塵紙,N2
ちりとり|塵取り,ちりとり,塵取り,N1
ちんぼつ|沈没,ちんぼつ,沈没,N1
つうずる|通ずる,つうずる,通ずる,N2
つかい|遣い,つかい,遣い,N1
つきなみ|月並,つきなみ,月並,N1
つぎめ|継目,つぎめ,継目,N1
つく|点く,つく,点く,N4
つくり|造り,つくり,造り,N1
つける|つける,つける,つける,N5
つける|浸ける,つける,浸ける,N2
つける|点ける,つける,点ける,N2
つつしむ|謹む,つつしむ,謹む,N1
つとまる|務まる,つとまる,務まる,N1
つり|釣,つり,釣,N3
つりかわ|吊り革,つりかわ,吊り革,N1
つりがね|釣り鐘,つりがね,釣り鐘,N1
てかず|手数,てかず,手数,N1
てがける|手掛ける,てがける,手掛ける,N1
てきかく|適確,てきかく,適確,N2
てっぺん|鉄片,てっぺん,鉄片,N1
てぬぐい|手拭い,てぬぐい,手拭い,N2
てびき|手引,てびき,手引,N1
てんか|点火,てんか,点火,N1
てんさい|天災,てんさい,天災,N1
てんてん|転転,てんてん,転転,N1
てんにん|転任,てんにん,転任,N1
であい|出合い,であい,出合い,N3
であう|出合う,であう,出合う,N1
でいりぐち|出入口,でいりぐち,出入口,N2
でかける|出掛ける,でかける,出掛ける,N2
できもの|できもの,できもの,できもの,N1
といや|問屋,といや,問屋,N1
とう|棟,とう,棟,N3
とうじ|統治,とうじ,統治,N1
とうち|統治,とうち,統治,N1
とうとい|貴い,とうとい,貴い,N1
とうゆ|灯油,とうゆ,灯油,N2
とおりかかる|通り掛かる,とおりかかる,通り掛かる,N2
とがめる|とがめる,とがめる,とがめる,N1
とぎれる|とぎれる,とぎれる,とぎれる,N1
とぎれる|跡切れる,とぎれる,跡切れる,N1
とくは|特派,とくは,特派,N1
とこや|とこや,とこや,とこや,N4
としより|年寄,としより,年寄,N3
とっさに|とっさに,とっさに,とっさに,N1
とって|とって,とって,とって,N1
とどけ|届,とどけ,届,N1
とどまる|留まる,とどまる,留まる,N2
とどめる|止める,とどめる,止める,N1
とも|供,とも,供,N3
ともかせぎ|共稼ぎ,ともかせぎ,共稼ぎ,N1
ともしび|灯,ともしび,灯,N1
とらえる|捕える,とらえる,捕える,N2
とりあつかい|取扱,とりあつかい,取扱,N1
とりかえ|取り替え,とりかえ,取り替え,N1
とりしまり|取締り,とりしまり,取締り,N1
とる|捕る,とる,捕る,N2
どうぞよろしく|どうぞよろしく,どうぞよろしく,どうぞよろしく,N3
どうぞよろしく|どうぞ宜しく,どうぞよろしく,どうぞ宜しく,N1
どなた|何方,どなた,何方,N1
どなる|どなる,どなる,どなる,N2
どよう|土曜,どよう,土曜,N3
なかなか|中々,なかなか,中々,N4
なかほど|中程,なかほど,中程,N1
なかみ|中味,なかみ,中味,N3
ながい|永い,ながい,永い,N2
なぐる|なぐる,なぐる,なぐる,N2
なさけぶかい|情深い,なさけぶかい,情深い,N1
なぞなぞ|謎謎,なぞなぞ,謎謎,N2
など|等,など,等,N3
なにしろ|なにしろ,なにしろ,なにしろ,N2
なになに|何々,なになに,何々,N2
なにも|なにも,なにも,なにも,N3
なにより|なにより,なにより,なにより,N1
なまる|鈍る,なまる,鈍る,N1
なんとも|なんとも,なんとも,なんとも,N2
なんべい|南米,なんべい,南米,N2
におい|におい,におい,におい,N4
にかいだて|二階建て,にかいだて,二階建て,N4
にちよう|日曜,にちよう,日曜,N3
にっぽん|日本,にっぽん,日本,N3
ににん|二人,ににん,二人,N1
にもかかわらず|にも拘らず,にもかかわらず,にも拘らず,N1
にわか|俄か,にわか,俄か,N1
ぬれる|ぬれる,ぬれる,ぬれる,N4
ねじれる|捻じれる,ねじれる,捻じれる,N1
ねだん|ねだん,ねだん,ねだん,N4
ねっしん|ねっしん,ねっしん,ねっしん,N4
ねまき|寝巻,ねまき,寝巻,N2
ねまき|寝間着,ねまき,寝間着,N2
のきなみ|軒並,のきなみ,軒並,N1
のりかえ|乗換,のりかえ,乗換,N2
のりこし|乗り越し,のりこし,乗り越し,N2
はかち|墓地,はかち,墓地,N1
はがす|剥す,はがす,剥す,N2
はじめに|初めに,はじめに,初めに,N2
はじめに|始めに,はじめに,始めに,N2
はじめまして|はじめまして,はじめまして,はじめまして,N2
はじめまして|始めまして,はじめまして,始めまして,N1
はす|斜,はす,斜,N2
はず|筈,はず,筈,N4
はたして|果して,はたして,果して,N2
はっそく|発足,はっそく,発足,N1
はなしあい|話合い,はなしあい,話合い,N2
はなしちゅう|話中,はなしちゅう,話中,N2
はね|羽根,はね,羽根,N3
はやり|流行,はやり,流行,N1
はらだち|腹立ち,はらだち,腹立ち,N1
はらっぱ|原っぱ,はらっぱ,原っぱ,N1
はりがみ|張り紙,はりがみ,張り紙,N1
はんじ|判事,はんじ,判事,N2
ばいう|梅雨,ばいう,梅雨,N3
ばいりつ|倍率,ばいりつ,倍率,N1
ばん|判,ばん,判,N1
ばんじん|万人,ばんじん,万人,N1
ばんめ|番目,ばんめ,番目,N1
ひ|碑,ひ,碑,N3
ひかえしつ|控室,ひかえしつ,控室,N1
ひきうける|引受る,ひきうける,引受る,N2
ひきさげる|引き下げる,ひきさげる,引き下げる,N1
ひきざん|引算,ひきざん,引算,N2
ひきだす|引出す,ひきだす,引出す,N2
ひきわけ|引分け,ひきわけ,引分け,N2
ひさしぶり|久し振り,ひさしぶり,久し振り,N1
ひっこし|引越し,ひっこし,引越し,N3
ひとえ|単,ひとえ,単,N1
ひとつき|一月,ひとつき,一月,N5
ひとまず|一まず,ひとまず,一まず,N1
ひとりでに|一人でに,ひとりでに,一人でに,N1
ひな|雛,ひな,雛,N1
ひにち|日日,ひにち,日日,N2
ひのいり|日の入り,ひのいり,日の入り,N2
ひばな|火花,ひばな,火花,N1
ひゃっかじてん|ひゃっかじてん,ひゃっかじてん,ひゃっかじてん,N2
ひゃっかじてん|百科辞典,ひゃっかじてん,百科辞典,N1
ひるごはん|昼御飯,ひるごはん,昼御飯,N5
びんづめ|瓶詰,びんづめ,瓶詰,N2
ふ|不,ふ,不,N3
ふえる|殖える,ふえる,殖える,N2
ふくし|副詞,ふくし,副詞,N2
ふごう|符号,ふごう,符号,N2
ふしん|不振,ふしん,不振,N1
ふすま|襖,ふすま,襖,N2
ふぞく|附属,ふぞく,附属,N2
ふつう|不通,ふつう,不通,N3
ふね|舟,ふね,舟,N4
ふるまう|振舞う,ふるまう,振舞う,N2
ふろく|付録,ふろく,付録,N1
ふんしゅつ|噴出,ふんしゅつ,噴出,N1
ぶ|不,ぶ,不,N3
ぶさた|無沙汰,ぶさた,無沙汰,N2
ぶらさげる|ぶらさげる,ぶらさげる,ぶらさげる,N2
ぶんぼ|分母,ぶんぼ,分母,N1
ぶんり|分離,ぶんり,分離,N1
へいほう|平方,へいほう,平方,N1
へそ|へそ,へそ,へそ,N2
ほ|穂,ほ,穂,N1
ほうき|宝器,ほうき,宝器,N1
ほうしゃのう|放射能,ほうしゃのう,放射能,N1
ほか|外,ほか,外,N3
ほけん|保健,ほけん,保健,N2
ほし|乾,ほし,乾,N1
ほとり|ほとり,ほとり,ほとり,N1
ほとり|辺り,ほとり,辺り,N1
ほどく|ほどく,ほどく,ほどく,N2
ほほ|頬,ほほ,頬,N3
ほめる|ほめる,ほめる,ほめる,N4
ほり|濠,ほり,濠,N3
ぼうか|防火,ぼうか,防火,N1
ぼうちょう|膨張,ぼうちょう,膨張,N1
ぼうちょう|膨脹,ぼうちょう,膨脹,N1
ぼける|惚ける,ぼける,惚ける,N1
ぼこう|母校,ぼこう,母校,N1
ぼっちゃん|坊っちゃん,ぼっちゃん,坊っちゃん,N2
ぼろ|ぼろ,ぼろ,ぼろ,N2
まいげつ|毎月,まいげつ,毎月,N5
まいねん|毎年,まいねん,毎年,N5
まえうり|前売,まえうり,前売,N1
まがる|曲る,まがる,曲る,N5
まことに|真に,まことに,真に,N1
まさしく|まさしく,まさしく,まさしく,N1
まざる|交ざる,まざる,交ざる,N3
まじめ|まじめ,まじめ,まじめ,N4
まじる|交じる,まじる,交じる,N3
まぜる|交ぜる,まぜる,交ぜる,N3
またがる|跨がる,またがる,跨がる,N1
またぐ|またぐ,またぐ,またぐ,N2
またたき|瞬き,またたき,瞬き,N1
まつり|祭,まつり,祭,N3
まと|まと,まと,まと,N1
まぬかれる|免れる,まぬかれる,免れる,N1
まぶた|まぶた,まぶた,まぶた,N2
まもなく|間も無く,まもなく,間も無く,N2
まるい|円い,まるい,円い,N5
まるっきり|まるっきり,まるっきり,まるっきり,N1
まるっきり|丸っきり,まるっきり,丸っきり,N1
まんまえ|真ん前,まんまえ,真ん前,N1
まんまるい|真ん円い,まんまるい,真ん円い,N1
み|三,み,三,N1
みじめ|みじめ,みじめ,みじめ,N2
みじん|微塵,みじん,微塵,N1
みせや|店屋,みせや,店屋,N2
みつもり|見積り,みつもり,見積り,N1
みまい|見舞,みまい,見舞,N1
みる|観る,みる,観る,N5
みんぞく|民俗,みんぞく,民俗,N1
む|六,む,六,N1
むかう|向う,むかう,向う,N2
むけ|向け,むけ,向け,N1
むこ|婿,むこ,婿,N1
むしる|むしる,むしる,むしる,N1
むやみに|無闇に,むやみに,無闇に,N1
めいずる|命ずる,めいずる,命ずる,N2
めざまし|目覚し,めざまし,目覚し,N2
めざましい|目覚しい,めざましい,目覚しい,N1
めつき|目付き,めつき,目付き,N1
めでたい|愛でたい,めでたい,愛でたい,N1
めど|目途,めど,目途,N1
めまい|めまい,めまい,めまい,N2
めまい|目眩,めまい,目眩,N1
めもり|目盛,めもり,目盛,N1
めんぼく|面目,めんぼく,面目,N1
もうしこみ|申込,もうしこみ,申込,N1
もうしで|申出,もうしで,申出,N1
もくよう|木曜,もくよう,木曜,N3
もし|若し,もし,若し,N1
もと|基,もと,基,N3
もと|素,もと,素,N3
ものおき|物置き,ものおき,物置き,N1
もも|股,もも,股,N1
もも|腿,もも,腿,N1
もん|問,もん,問,N1
もんじ|文字,もんじ,文字,N3
やかん|やかん,やかん,やかん,N2
やぎょう|夜行,やぎょう,夜行,N1
やこう|夜行,やこう,夜行,N2
やっつける|やっ付ける,やっつける,やっ付ける,N1
やぬし|家主,やぬし,家主,N2
やむをえない|やむをえない,やむをえない,やむをえない,N2
やむをえない|止むを得ない,やむをえない,止むを得ない,N1
やりとおす|やりとおす,やりとおす,やりとおす,N1
やりとげる|やりとげる,やりとげる,やりとげる,N1
やわらかい|軟らかい,やわらかい,軟らかい,N2
ゆう|言う,ゆう,言う,N3
ゆうき|有機,ゆうき,有機,N3
ゆうべ|昨夜,ゆうべ,昨夜,N5
ゆく|行く,ゆく,行く,N5
ゆみ|弓,ゆみ,弓,N1
よ|夜,よ,夜,N3
よい|好い,よい,好い,N1
ようち|幼稚,ようち,幼稚,N2
ようひんてん|洋品店,ようひんてん,洋品店,N2
ようもう|羊毛,ようもう,羊毛,N2
よくふかい|欲深い,よくふかい,欲深い,N1
よける|避ける,よける,避ける,N1
よし|葦,よし,葦,N1
よしあし|善し悪し,よしあし,善し悪し,N1
よっぱらい|酔っ払い,よっぱらい,酔っ払い,N2
よろしく|宜しく,よろしく,宜しく,N3
らい|来,らい,来,N3
らんよう|濫用,らんよう,濫用,N1
りっぱ|りっぱ,りっぱ,りっぱ,N5
りゅう|流,りゅう,流,N1
りょう|了,りょう,了,N1
りょう|料,りょう,料,N1
れんじゅう|連中,れんじゅう,連中,N1
ろくな|ろくな,ろくな,ろくな,N1
ろくな|碌な,ろくな,碌な,N1
ろくに|碌に,ろくに,碌に,N1
ろんぎ|論議,ろんぎ,論議,N1
ろんずる|論ずる,ろんずる,論ずる,N2
わえい|和英,わえい,和英,N2
わかる|分る,わかる,分る,N2
わぶん|和文,わぶん,和文,N1
わりあいに|わりあいに,わりあいに,わりあいに,N2
わりあいに|割合に,わりあいに,割合に,N2
わりあて|割当,わりあて,割当,N1
わりざん|割算,わりざん,割算,N2
わりびき|割引き,わりびき,割引き,N1
アイディア|アイディア,アイディア,アイディア,N2
アワー|アワー,アワー,アワー,N1
カー|カー,カー,カー,N3
ガレージ|ガレージ,ガレージ,ガレージ,N1
サンキュー|サンキュー,サンキュー,サンキュー,N1
ジーパン|Ｇパン,ジーパン,Ｇパン,N1
スト|スト,スト,スト,N1
ゼミ|ゼミ,ゼミ,ゼミ,N2
ダイヤグラム|ダイヤグラム,ダイヤグラム,ダイヤグラム,N2
トランジスター|トランジスター,トランジスター,トランジスター,N1
ニュー|ニュー,ニュー,ニュー,N1
ネガ|ネガ,ネガ,ネガ,N1
ビルディング|ビルディング,ビルディング,ビルディング,N2
フィルタ|フィルタ,フィルタ,フィルタ,N1
リポート|リポート,リポート,リポート,N4
レクリェーション|レクリェーション,レクリェーション,レクリェーション,N2
ロープウエイ|ロープウエイ,ロープウエイ,ロープウエイ,N1
ローマじ|ローマじ,ローマじ,ローマじ,N2
