reading	display	level	grade	status	basis	common	frequency_rank	entry_id	evidence
ありのまま	ありのまま	N2	C	direct+conflict	common-core-vs-waller-lineage-easier	1	11048	1541000	"{""core-deck-exact"":""N2"",""openjlpt-exact"":""N1"",""existing-direct"":""N1"",""waller-entry-context"":""N1""}"
いやいや	いやいや	N2	C	direct+conflict	common-core-vs-waller-lineage-easier	1	22449	1000620	"{""core-deck-exact"":""N2"",""openjlpt-exact"":""N1"",""existing-direct"":""N2""}"
おごる	おごる	N2	C	direct+conflict	common-core-vs-waller-lineage-easier	1	24923	1565940	"{""core-deck-exact"":""N2"",""openjlpt-exact"":""N1"",""existing-direct"":""N2""}"
かつて	かつて	N2	C	direct+conflict	common-core-vs-waller-lineage-easier	1	25032	1581210	"{""core-deck-exact"":""N2"",""openjlpt-exact"":""N1"",""existing-direct"":""N1"",""waller-entry-context"":""N1""}"
かり	仮	N2	C	direct+conflict	common-core-vs-waller-lineage-easier	1	23679	1187290	"{""core-deck-exact"":""N2"",""openjlpt-exact"":""N1"",""existing-direct"":""N2""}"
かんよ	関与	N2	C	direct+conflict	common-core-vs-waller-lineage-easier	1	2028	1216050	"{""core-deck-exact"":""N2"",""openjlpt-exact"":""N1"",""waller-exact"":""N1"",""existing-direct"":""N1"",""waller-entry-context"":""N1""}"
しかしながら	しかしながら	N2	C	direct+conflict	common-core-vs-waller-lineage-easier	1	26395	1506000	"{""core-deck-exact"":""N2"",""openjlpt-exact"":""N1"",""existing-direct"":""N1"",""waller-entry-context"":""N1""}"
しきたり	しきたり	N2	C	direct+conflict	core-vs-waller-lineage-adjacent	0		1594160	"{""core-deck-exact"":""N2"",""openjlpt-exact"":""N1"",""existing-direct"":""N1"",""waller-entry-context"":""N1""}"
そこら	そこら	N2	C	direct+conflict	core-vs-waller-lineage-adjacent	0		1006720	"{""core-deck-exact"":""N2"",""openjlpt-exact"":""N1"",""existing-direct"":""N1"",""waller-entry-context"":""N1""}"
たんぼ	田んぼ	N2	C	direct+conflict	common-core-vs-waller-lineage-easier	1	24525	1442840	"{""core-deck-exact"":""N1"",""openjlpt-exact"":""N2"",""existing-direct"":""N2"",""waller-entry-context"":""N2""}"
てすう	手数	N2	C	direct+conflict	common-core-vs-waller-lineage-easier	1	14094	1327970	"{""core-deck-exact"":""N2"",""openjlpt-exact"":""N1"",""existing-direct"":""N1"",""waller-entry-context"":""N1""}"
とりわけ	とりわけ	N2	C	direct+conflict	common-core-vs-waller-lineage-easier	1	13217	1599150	"{""core-deck-exact"":""N2"",""openjlpt-exact"":""N1"",""existing-direct"":""N1"",""waller-entry-context"":""N1""}"
どうぞよろしく	どうぞよろしく	N2	C	direct+conflict	runtime-internal-legacy-lineage-conflict	0		1008960	"{""runtimeSources"":[""coverage_deferred_manual""],""legacyLevel"":""N3"",""exactEvidence"":{""openjlpt"":""N5"",""waller"":""N2"",""tomoshi"":""N2""},""tomoshiEntryIds"":[""1008960""],""tomoshiAmbiguous"":false,""tomoshiLevelConflict"":[""N2""],""tomoshiLevelSources"":[""1008960:waller:N2""]}"
はまる	はまる	N2	C	direct+conflict	common-core-vs-waller-lineage-easier	1	25198	1601030	"{""core-deck-exact"":""N2"",""openjlpt-exact"":""N1"",""existing-direct"":""N1"",""waller-entry-context"":""N1""}"
ひたすら	ひたすら	N2	C	direct+conflict	common-core-vs-waller-lineage-easier	1	22790	1010530	"{""core-deck-exact"":""N2"",""openjlpt-exact"":""N1"",""existing-direct"":""N1"",""waller-entry-context"":""N1""}"
ほんの	ほんの	N2	C	direct+conflict	common-core-vs-waller-lineage-easier	1	2966	1011740	"{""core-deck-exact"":""N2"",""openjlpt-exact"":""N1"",""existing-direct"":""N1"",""waller-entry-context"":""N1""}"
みき	幹	N2	C	direct+conflict	common-core-vs-waller-lineage-easier	1	3387	1577640	"{""core-deck-exact"":""N2"",""openjlpt-exact"":""N1"",""existing-direct"":""N1"",""waller-entry-context"":""N1""}"
もたらす	もたらす	N2	C	direct+conflict	common-core-vs-waller-lineage-easier	1	24977	1573190	"{""core-deck-exact"":""N2"",""openjlpt-exact"":""N1"",""existing-direct"":""N1"",""waller-entry-context"":""N1""}"
わざわざ	わざわざ	N2	C	direct+conflict	common-core-vs-waller-lineage-easier	1	25261	1606710	"{""core-deck-exact"":""N2"",""openjlpt-exact"":""N1"",""existing-direct"":""N1"",""waller-entry-context"":""N1""}"
おいて	おいて	N3	C	direct+conflict	core-vs-waller-lineage-large	0		1178920	"{""core-deck-exact"":""N3"",""openjlpt-exact"":""N1"",""existing-direct"":""N1"",""waller-entry-context"":""N1""}"
おむつ	おむつ	N3	C	direct+conflict	common-core-vs-waller-lineage-easier	1	23968	1270830	"{""core-deck-exact"":""N3"",""openjlpt-exact"":""N1"",""existing-direct"":""N1"",""waller-entry-context"":""N1""}"
くだす	下す	N3	C	direct+conflict	common-core-vs-waller-lineage-easier	1	18301	1184320	"{""core-deck-exact"":""N2"",""openjlpt-exact"":""N3"",""existing-direct"":""N2""}"
ずるい	ずるい	N3	C	direct+conflict	common-core-vs-waller-lineage-easier	1	24952	1569240	"{""core-deck-exact"":""N3"",""openjlpt-exact"":""N2"",""existing-direct"":""N2"",""waller-entry-context"":""N2""}"
たまたま	たまたま	N3	C	direct+conflict	common-core-vs-waller-lineage-easier	1	25167	1597180	"{""core-deck-exact"":""N2"",""openjlpt-exact"":""N3"",""existing-direct"":""N3"",""waller-entry-context"":""N3""}"
つの	角	N3	C	direct+conflict	common-core-vs-waller-lineage-easier	1	23755	1206120	"{""core-deck-exact"":""N1"",""openjlpt-exact"":""N3"",""existing-direct"":""N1""}"
なめる	なめる	N3	C	direct+conflict	common-core-vs-waller-lineage-easier	1	24967	1571320	"{""core-deck-exact"":""N3"",""openjlpt-exact"":""N1"",""existing-direct"":""N1"",""waller-entry-context"":""N1""}"
ひとさしゆび	人差し指	N3	C	direct+conflict	common-core-vs-waller-lineage-easier	1	25211	1601940	"{""core-deck-exact"":""N3"",""openjlpt-exact"":""N2"",""existing-direct"":""N2"",""waller-entry-context"":""N2""}"
まして	まして	N3	C	direct+conflict	common-core-vs-waller-lineage-easier	1	23859	1237470	"{""core-deck-exact"":""N3"",""openjlpt-exact"":""N1"",""existing-direct"":""N1"",""waller-entry-context"":""N1""}"
まとめる	まとめる	N3	C	direct+conflict	common-core-vs-waller-lineage-easier	1	24520	1440930	"{""core-deck-exact"":""N3"",""openjlpt-exact"":""N2"",""existing-direct"":""N2"",""waller-entry-context"":""N2""}"
みょう	妙	N3	C	direct+conflict	common-core-vs-waller-lineage-easier	1	3342	1528490	"{""core-deck-exact"":""N2"",""openjlpt-exact"":""N3"",""waller-exact"":""N3"",""existing-direct"":""N3"",""waller-entry-context"":""N3""}"
もしかして	もしかして	N3	C	direct+conflict	common-core-vs-waller-lineage-easier	1	22844	1012520	"{""core-deck-exact"":""N3"",""openjlpt-exact"":""N1"",""existing-direct"":""N1"",""waller-entry-context"":""N1""}"
しまい	しまい	N4	C	direct+conflict	common-core-vs-waller-lineage-easier	1	3866	1579490	"{""core-deck-exact"":""N4"",""openjlpt-exact"":""N3"",""existing-direct"":""N3""}"
しまう	しまう	N4	C	direct+conflict	common-core-vs-waller-lineage-easier	1	24058	1305380	"{""core-deck-exact"":""N4"",""openjlpt-exact"":""N3"",""existing-direct"":""N3"",""waller-entry-context"":""N3""}"
やっぱり	やっぱり	N4	C	direct+conflict	common-core-vs-internal-lineage-conflict-easier	1	22853	1012810	"{""core-deck-exact"":""N4"",""openjlpt-exact"":""N2"",""waller-exact"":""N4"",""existing-direct"":""N4""}"
コンピューター	コンピューター	N4	C	direct+conflict	common-core-vs-internal-lineage-conflict-easier	1	23066	1053350	"{""core-deck-exact"":""N4"",""openjlpt-exact"":""N3"",""waller-exact"":""N4"",""existing-direct"":""N4"",""waller-entry-context"":""N4""}"
じゃあ	じゃあ	N5	C	direct+conflict	internal-waller-lineage-conflict-common-easier	1	22627	1005900	"{""openjlpt-exact"":""N3"",""waller-exact"":""N5"",""existing-direct"":""N5"",""waller-entry-context"":""N5""}"
せい	せい	N5	C	direct+conflict	common-core-vs-waller-lineage-easier	1	25298	1610040	"{""core-deck-exact"":""N5"",""openjlpt-exact"":""N3"",""existing-direct"":""N3"",""waller-entry-context"":""N3""}"
そして	そして	N5	C	direct+conflict	common-core-vs-internal-lineage-conflict-easier	1	22656	1006730	"{""core-deck-exact"":""N5"",""openjlpt-exact"":""N3"",""waller-exact"":""N5"",""existing-direct"":""N5""}"
よる	よる	N5	C	direct+conflict	common-core-vs-waller-lineage-easier	1	23625	1168660	"{""core-deck-exact"":""N5"",""openjlpt-exact"":""N2"",""existing-direct"":""N3"",""waller-entry-context"":""N3""}"
よろしく	よろしく	N5	C	direct+conflict	common-core-vs-waller-lineage-easier	1	23826	1224890	"{""core-deck-exact"":""N5"",""openjlpt-exact"":""N3"",""existing-direct"":""N3"",""waller-entry-context"":""N3""}"
